Time_Index,solar_pv_MA,onshore_wind_CT,solar_pv_CT,onshore_wind_ME
1,0,0.65400058,0,0.651881099
2,0,0.640632212,0,0.662853241
3,0,0.674216628,0,0.688196063
4,0,0.591154337,0,0.530139506
5,0,0.498415291,0,0.557922244
6,0,0.539107561,0,0.685596406
7,0,0.597886682,0,0.675387621
8,0,0.524519503,0,0.555113554
9,0.2175,0.714665174,0.2258,0.545945764
10,0.4081,0.201284081,0.4428,0.233014196
11,0.5613,0.012974607,0.5538,0.115340397
12,0.5322,0.034633961,0.6097,0.066541314
13,0.5679,0.082750432,0.6059,0.047794882
14,0.5247,0.036179084,0.5139,0.032758825
15,0.4229,0.006105063,0.4232,0.059398096
16,0.3114,0.173815444,0.363,0.144726574
17,0.109,0.260041893,0.1806,0.365451872
18,0,0.468751878,0,0.650975525
19,0,0.784515142,0,0.780547857
20,0,0.355991662,0,0.814909935
21,0,0.604112744,0,0.783736229
22,0,0.527206779,0,0.812947273
23,0,0.685887396,0,0.777409554
24,0,0.618583739,0,0.804257452
25,0,0.674788058,0,0.832141697
26,0,0.91023761,0,0.825002253
27,0,0.839853764,0,0.878274798
28,0,0.8865906,0,0.925702214
29,0,0.94504863,0,0.900026917
30,0,0.863669157,0,0.867172003
31,0,0.646323919,0,0.851862907
32,0,0.25566262,0,0.962050557
33,0.109,0.324984014,0.1325,0.968221545
34,0.3235,0.710196197,0.3044,0.936753988
35,0.3563,0.438852191,0.3022,0.894410849
36,0.3784,0.312287986,0.4041,0.729316831
37,0.3346,0.569212019,0.2614,0.705880165
38,0.2609,0.766024351,0.2753,0.748093069
39,0.2381,0.711729348,0.1934,0.817127466
40,0.1307,0.659122467,0.2166,0.8403548
41,0.0266,0.482714176,0.0182,0.906592369
42,0,0.74608326,0,0.94518286
43,0,0.817704558,0,0.897846878
44,0,0.881676972,0,0.937956572
45,0,0.923290074,0,0.908633113
46,0,0.881124794,0,0.971499681
47,0,0.837216139,0,0.997881591
48,0,0.935307026,0,0.981252551
49,0,0.95678848,0,0.874063134
50,0,0.960784912,0,0.785421908
51,0,0.964077592,0,0.838933825
52,0,0.821918488,0,0.836373806
53,0,0.535242558,0,0.798461854
54,0,0.421804518,0,0.835002184
55,0,0.44402492,0,0.936725378
56,0,0.506769657,0,0.92959249
57,0.1008,0.716469467,0.1563,0.786107421
58,0.3571,0.479748398,0.4284,0.73866868
59,0.5425,0.77202934,0.5777,0.717252851
60,0.6327,0.629349351,0.6501,0.634071887
61,0.6563,0.735723257,0.6632,0.717576087
62,0.6462,0.502739787,0.6461,0.680005491
63,0.5642,0.707346141,0.5617,0.761096835
64,0.3954,0.32747677,0.3732,0.737764895
65,0.1551,0.927522063,0.1768,0.7636289
66,0,0.636502683,0,0.771935344
67,0,0.664787829,0,0.867450655
68,0,0.515376031,0,0.923220873
69,0,0.439054638,0,0.93512392
70,0,0.750679374,0,0.801682234
71,0,0.814183295,0,0.73993969
72,0,0.872650862,0,0.863863051
73,0,0.888046741,0,0.794329345
74,0,0.731665611,0,0.7056126
75,0,0.777789474,0,0.764104486
76,0,0.943983614,0,0.786875129
77,0,0.947459102,0,0.886458337
78,0,0.747204661,0,0.976139545
79,0,0.933167934,0,0.972755671
80,0,0.757942557,0,0.896742344
81,0.2189,0.785400927,0.1756,0.984853625
82,0.4091,0.641020477,0.359,0.902690589
83,0.5094,0.963223636,0.4301,0.9146806
84,0.5486,0.768399656,0.4563,0.959157526
85,0.5372,0.880754352,0.3894,0.980083108
86,0.4018,0.927021861,0.4534,0.962692797
87,0.4305,0.91498971,0.5024,0.874517322
88,0.3475,0.568014443,0.3741,0.909573317
89,0.1858,0.400734007,0.207,0.887189507
90,0,0.370842636,0,0.914014876
91,0,0.345947564,0,0.881599724
92,0,0.52340579,0,0.903847158
93,0,0.235718831,0,0.908420205
94,0,0.353133857,0,0.877573609
95,0,0.123410217,0,0.374645948
96,0,0.159678772,0,0.802588284
97,0,0.174881235,0,0.690074623
98,0,0.268058985,0,0.677912593
99,0,0.07365521,0,0.683205128
100,0,0.09225262,0,0.589605987
101,0,0.1769187,0,0.580307305
102,0,0.047160737,0,0.634193897
103,0,0.018978704,0,0.679633021
104,0,0.007698048,0,0.686066628
105,0.1243,0,0.1448,0.628320456
106,0.3369,3.21E-06,0.381,0.540198147
107,0.5427,0,0.4255,0.395114601
108,0.5165,0,0.4001,0.167897642
109,0.4801,0,0.3675,0.094961971
110,0.4327,0,0.3052,0.083402254
111,0.3182,0.016408831,0.2707,0.081223026
112,0.1995,0.121261552,0.1831,0.027838761
113,0.0683,0.194417536,0.078,0.033720993
114,0,0.331171334,0,0.124309257
115,0,0.57641989,0,0.199696913
116,0,0.249798104,0,0.368104279
117,0,0.31388849,0,0.412119091
118,0,0.263796777,0,0.432690829
119,0,0.322466075,0,0.638492703
120,0,0.329577833,0,0.733269811
121,0,0.705949306,0,0.780201435
122,0,0.834924579,0,0.786337197
123,0,0.832703173,0,0.797727823
124,0,0.727586865,0,0.823553085
125,0,0.626110256,0,0.758514643
126,0,0.721315265,0,0.721159458
127,0,0.785158873,0,0.718788862
128,0,0.59819752,0,0.807962596
129,0,0.567111433,0,0.934006155
130,0.003,0.326491237,0.0064,0.948075294
131,0.0852,0.390583217,0.116,0.981830955
132,0.1324,0.287067473,0.0999,0.98286736
133,0.1041,0.229321212,0.1202,0.940139234
134,0.1276,0.154025629,0.192,0.877916396
135,0.1108,0.115687042,0.1404,0.879350662
136,0.0825,0.054644316,0.0697,0.896614492
137,0.0043,0.088804618,0,0.837487161
138,0,0.72049433,0,0.721934199
139,0,0.834395289,0,0.659873962
140,0,0.950648248,0,0.497243434
141,0,0.999782085,0,0.501666129
142,0,1,0,0.587158203
143,0,1,0,0.723627448
144,0,1,0,0.83999908
145,0,1,0,0.961806953
146,0,1,0,0.997699499
147,0,1,0,0.99966979
148,0,0.999383628,0,0.996178329
149,0,0.965365767,0,0.992918313
150,0,0.79326117,0,0.974965513
151,0,0.284757346,0,0.955787182
152,0,0.51474309,0,0.939044178
153,0.2499,0.541716576,0.2267,0.878550053
154,0.4155,0.119267933,0.3616,0.718334675
155,0.5324,7.85E-05,0.4427,0.461677551
156,0.4953,0,0.4972,0.560474813
157,0.5597,0.021236544,0.6758,0.422075212
158,0.6671,0.279601127,0.7002,0.194490075
159,0.6148,0.46427834,0.6275,0.148848206
160,0.4365,0.974582016,0.3833,0.189681008
161,0.195,0.989060044,0.1751,0.334965825
162,0,0.871624708,0,0.558297515
163,0,0.820555329,0,0.723501265
164,0,0.579907179,0,0.886326075
165,0,0.888320148,0,0.97592932
166,0,0.996523142,0,0.986805677
167,0,0.996782899,0,0.991398931
168,0,0.991666675,0,0.989534974
169,0,0.693691909,0,0.927562416
170,0,0.714291751,0,0.957609296
171,0,0.787061214,0,0.953771472
172,0,0.648082256,0,0.975068331
173,0,0.480793148,0,0.974356413
174,0,0.51872462,0,0.960528851
175,0,0.532529056,0,0.916528404
176,0.0784,0.403577,0.079,0.9120875
177,0.3412,0.288212121,0.3487,0.887858212
178,0.5422,0.155730009,0.5498,0.822203994
179,0.6945,0.248360261,0.6995,0.868247986
180,0.7433,0.136244684,0.7507,0.776632428
181,0.7488,0.152369171,0.7584,0.838494062
182,0.7431,0.15664646,0.7463,0.786086798
183,0.6884,0.109205045,0.7059,0.815203249
184,0.5364,0.124641761,0.5699,0.869581223
185,0.3355,0.099795096,0.3757,0.825406313
186,0.076,0.24032332,0.1078,0.860305727
187,0,0.626431525,0,0.876153111
188,0,0.381871194,0,0.850708008
189,0,0.455129683,0,0.863123059
190,0,0.775627553,0,0.833450198
191,0,0.841572523,0,0.827811897
192,0,0.714044333,0,0.787705243
193,0,0.465495348,0,0.824150741
194,0,0.395678699,0,0.876171708
195,0,0.505203664,0,0.888973594
196,0,0.441453069,0,0.884280205
197,0,0.235097349,0,0.871364713
198,0,0.283535391,0,0.822162032
199,0,0.645805538,0,0.870050192
200,0.0526,0.48262763,0.0396,0.734037399
201,0.2708,0.245015219,0.2314,0.393070072
202,0.4689,0.841091931,0.448,0.881939411
203,0.7172,0.988655627,0.6663,0.797717929
204,0.6904,0.990291238,0.6944,0.899888337
205,0.7406,0.994036973,0.7372,0.936072648
206,0.7488,1,0.7649,0.925944149
207,0.7112,1,0.7313,0.969803691
208,0.557,0.999929368,0.5886,0.996433258
209,0.354,0.960915685,0.3926,0.996071875
210,0.088,0.895500779,0.1269,0.949579
211,0,0.76709497,0,0.953768373
212,0,0.435475737,0,0.932111263
213,0,0.090656437,0,0.958974898
214,0,0.074931957,0,0.956381679
215,0,0.06550388,0,0.941214085
216,0,0.076071575,0,0.866691351
217,0,0.242902949,0,0.768560946
218,0,0.305609792,0,0.642076969
219,0,0.366039604,0,0.576399267
220,0,0.289276272,0,0.507508993
221,0,0.181570083,0,0.429547608
222,0,0.015158695,0,0.4151178
223,0,0.002629287,0,0.361891836
224,0.0473,0.035349268,0.0287,0.150719836
225,0.297,0.335926116,0.3047,0.070212089
226,0.5162,0,0.5333,0.00240383
227,0.6557,0.032872688,0.6153,0.000771367
228,0.6814,0.309798121,0.6478,0.093227565
229,0.6802,0.753643334,0.6655,0.228318989
230,0.6721,0.811525822,0.5906,0.534530044
231,0.5062,0.95241034,0.4254,0.686148763
232,0.379,1,0.3642,0.764994085
233,0.2003,1,0.2198,0.954434991
234,0.015,0.999834955,0.0566,0.96595037
235,0,0.966009676,0,0.936165631
236,0,0.5206424,0,0.991807818
237,0,0.384480596,0,0.987173915
238,0,0.511512339,0,0.981344461
239,0,0.754252136,0,0.980978727
240,0,0.828727782,0,0.959504426
241,0,0.854124427,0,0.909521818
242,0,0.816929042,0,0.822274446
243,0,0.863291502,0,0.594727755
244,0,0.876287818,0,0.564298153
245,0,0.68124795,0,0.509371936
246,0,0.358041853,0,0.495815635
247,0,0.499465376,0,0.540290236
248,0.0178,0.311755419,0.0475,0.533105075
249,0.2828,0.468940288,0.3083,0.332566082
250,0.4612,0.405288935,0.4876,0.383409858
251,0.59,0.926289797,0.5371,0.53555882
252,0.4844,0.949460566,0.4457,0.502555013
253,0.5318,0.778889954,0.6086,0.525413275
254,0.6033,0.617577374,0.6557,0.672109723
255,0.5808,0.901967645,0.658,0.846388578
256,0.4795,0.978049934,0.5115,0.904241204
257,0.2821,0.892829597,0.2812,0.877197623
258,0.0584,0.808615625,0.0769,0.947265446
259,0,0.969441891,0,0.917218685
260,0,0.806326389,0,0.825984836
261,0,0.840030909,0,0.6492396
262,0,0.918922067,0,0.578132927
263,0,0.99034059,0,0.54581666
264,0,0.789673567,0,0.504324615
265,0,0.919458091,0,0.523840487
266,0,0.972206473,0,0.614334106
267,0,0.954320848,0,0.654514611
268,0,0.86345768,0,0.725435376
269,0,0.590666413,0,0.776802421
270,0,0.731688678,0,0.74146843
271,0,0.6558218,0,0.737441897
272,0.0098,0.23438926,0.0242,0.612990141
273,0.2113,0.13641271,0.2168,0.507357001
274,0.343,0.239269421,0.3838,0.39142406
275,0.4909,0.721606851,0.5236,0.561436474
276,0.5888,0.820573032,0.5921,0.655192256
277,0.5443,0.988469541,0.6525,0.686566532
278,0.6127,1,0.6696,0.663481712
279,0.627,1,0.6441,0.753162205
280,0.5153,0.996278644,0.5578,0.783627629
281,0.3325,0.998883188,0.3759,0.765244842
282,0.0824,0.981682599,0.111,0.829976797
283,0,0.573396862,0,0.889208436
284,0,0.391411662,0,0.886256218
285,0,0.339642644,0,0.892308474
286,0,0.320867211,0,0.930563569
287,0,0.110078298,0,0.907315612
288,0,0.026982566,0,0.884655058
289,0,0.002944378,0,0.804891169
290,0,0.125005767,0,0.647734404
291,0,0.192449555,0,0.543383598
292,0,0.220874771,0,0.376742959
293,0,0.200533658,0,0.303992778
294,0,0.195602,0,0.234895363
295,0,0.107150562,0,0.253711909
296,0.0002,0.083813764,0,0.169986278
297,0.0507,0.126653433,0.0483,0.101089194
298,0.1645,0.199870557,0.1509,0.108317897
299,0.2004,0.298887491,0.2083,0.08345367
300,0.2721,0.597856641,0.2789,0.090467319
301,0.3008,0.530167341,0.3221,0.118266769
302,0.5094,0.508688331,0.4879,0.28697747
303,0.3392,0.577920854,0.3708,0.378142476
304,0.3026,0.533288956,0.3666,0.376008034
305,0.1432,0.641979694,0.102,0.692961574
306,0,0.812563598,0,0.776980162
307,0,0.808291912,0,0.76565814
308,0,0.285303324,0,0.811361372
309,0,0.116253167,0,0.953657568
310,0,0.145584852,0,0.900964141
311,0,0.820813596,0,0.727012992
312,0,0.336305588,0,0.573390245
313,0,0.946572661,0,0.617025197
314,0,1,0,0.598135471
315,0,1,0,0.550868988
316,0,1,0,0.443620265
317,0,1,0,0.567015171
318,0,1,0,0.612426162
319,0,1,0,0.788246334
320,0.0882,0.966160536,0.0983,0.819262743
321,0.3218,0.997799277,0.3413,0.897586226
322,0.4539,1,0.4658,0.92540729
323,0.5352,1,0.5679,0.921797156
324,0.5652,1,0.5889,0.896224022
325,0.584,1,0.5828,0.910907388
326,0.5703,1,0.5741,0.965128481
327,0.5633,1,0.5656,0.982977688
328,0.4633,1,0.4765,0.994440079
329,0.2981,1,0.3272,1
330,0.077,1,0.108,1
331,0,1,0,1
332,0,1,0,1
333,0,1,0,1
334,0,1,0,1
335,0,0.99214679,0,1
336,0,1,0,1
337,0,0.998503923,0,0.987221956
338,0,0.981334448,0,0.978059888
339,0,0.976984143,0,0.936176896
340,0,0.917273223,0,0.841554105
341,0,0.857299387,0,0.794166327
342,0,0.685744822,0,0.772697628
343,0.0029,0.197402641,0,0.772494197
344,0.1779,0.174021095,0.1726,0.593601346
345,0.3938,0.097864166,0.3929,0.568524837
346,0.5573,0.032948181,0.563,0.287257016
347,0.6766,0.002176364,0.6712,0.143510789
348,0.678,0.000552898,0.683,0.149639636
349,0.6611,0.000874054,0.6739,0.119550511
350,0.6551,0.003476053,0.6618,0.132416099
351,0.6173,0.019248929,0.6523,0.152063802
352,0.4965,0.119166195,0.546,0.258123368
353,0.3363,0.274659663,0.3826,0.426247716
354,0.1242,0.392801732,0.1625,0.560484052
355,0,0.536450446,0,0.601749539
356,0,0.939421058,0,0.709239244
357,0,0.438982993,0,0.753030419
358,0,0.353878379,0,0.699030638
359,0,0.556829035,0,0.5368644
360,0,0.65021956,0,0.578089058
361,0,0.622024417,0,0.555813074
362,0,0.764623284,0,0.538930714
363,0,0.715029895,0,0.462965727
364,0,0.372809708,0,0.360287905
365,0,0.113940589,0,0.488380849
366,0,0.056374628,0,0.599999964
367,0,0.016238747,0,0.561654091
368,0.1809,0.333949357,0.1937,0.482259929
369,0.3869,0.144480377,0.4011,0.261952311
370,0.5486,2.18E-05,0.5435,0.171321541
371,0.673,0.000401923,0.6766,0.103632301
372,0.688,0.009390152,0.6954,0.086341038
373,0.6933,0.15701367,0.698,0.134537384
374,0.6864,0.406255186,0.6964,0.17796576
375,0.65,0.417066693,0.6672,0.189786106
376,0.5134,0.336111903,0.5446,0.208149701
377,0.3401,0.290232033,0.3849,0.401330531
378,0.123,0.256617188,0.17,0.471578002
379,0,0.407308728,0,0.758596778
380,0,0.214790255,0,0.877489209
381,0,0.390825689,0,0.815006971
382,0,0.471649319,0,0.755335033
383,0,0.307960331,0,0.65353626
384,0,0.340681136,0,0.605977595
385,0,0.290637463,0,0.56266588
386,0,0.219434485,0,0.582483292
387,0,0.292016774,0,0.645784974
388,0,0.488625586,0,0.775624633
389,0,0.340097755,0,0.69383806
390,0,0.235136852,0,0.752719223
391,0.0004,0.588210523,0,0.862523913
392,0.1559,0.332647651,0.1358,0.737461805
393,0.3681,0.093162946,0.3612,0.54701364
394,0.5112,0.001849365,0.4843,0.360572845
395,0.7546,0,0.723,0.313053399
396,0.6648,0,0.6153,0.266081452
397,0.6766,0.000464521,0.642,0.223596364
398,0.6849,0.103742942,0.6483,0.218776628
399,0.6482,0.370955497,0.6173,0.203460976
400,0.5121,0.341479361,0.5187,0.224217921
401,0.3377,0.444000244,0.3615,0.330130666
402,0.1213,0.292105019,0.1552,0.519130349
403,0,0.224894032,0,0.726869047
404,0,0.31001246,0,0.743680954
405,0,0.206186026,0,0.728035569
406,0,0.352164268,0,0.608524561
407,0,0.416088998,0,0.492403865
408,0,0.530061185,0,0.513981462
409,0,0.507622302,0,0.533729076
410,0,0.678049803,0,0.674548864
411,0,0.010443158,0,0.062698871
412,0,0.427970886,0,0.841359735
413,0,0.334010154,0,0.914813161
414,0,0.451444775,0,0.974680662
415,0.0008,0.351748496,0,0.978852689
416,0.1746,0.381634384,0.157,0.922392011
417,0.3796,0.204491615,0.3642,0.839634836
418,0.555,0.022155629,0.5463,0.690602899
419,0.6824,0.087142006,0.6775,0.606630445
420,0.6979,0.034761738,0.6949,0.617718577
421,0.6999,0.114951245,0.6981,0.573944688
422,0.6953,0.093523912,0.6977,0.547802687
423,0.6556,0.116833173,0.6681,0.769956887
424,0.5221,0.247117937,0.5478,0.80558908
425,0.3484,0.302383065,0.3858,0.87547338
426,0.1274,0.435858846,0.1707,0.963667393
427,0,0.296017647,0,0.995695174
428,0,0.382669896,0,0.942333877
429,0,0.432901084,0,0.954547882
430,0,0.662971437,0,0.963854551
431,0,0.961305439,0,0.918889642
432,0,0.951534867,0,0.831322074
433,0,0.68373543,0,0.881467462
434,0,0.600812972,0,0.858075261
435,0,0.814034224,0,0.935281634
436,0,0.911757529,0,0.955151796
437,0,0.600341201,0,0.945564926
438,0,0.718456745,0,0.966163337
439,0,0.47460106,0,0.964919329
440,0.1287,0.611973166,0.1307,0.897765279
441,0.2969,0.462337017,0.3218,0.894047737
442,0.4366,0.286065727,0.4241,0.956014991
443,0.5574,0.410449386,0.4843,0.987810135
444,0.6471,0.18657057,0.5087,0.994437337
445,0.6988,0.044284698,0.6118,0.996686101
446,0.7057,0.004641407,0.6588,0.995325267
447,0.6681,0.010756869,0.6495,0.998466611
448,0.5204,0.062138144,0.4946,0.99398303
449,0.3357,0.268422604,0.3379,0.999444008
450,0.1217,0.549905419,0.1415,0.999931455
451,0,0.59516722,0,0.999659896
452,0,0.463209748,0,0.966383457
453,0,0.327129066,0,0.997240305
454,0,0.395001531,0,0.944750071
455,0,0.458472908,0,0.916571379
456,0,0.448081851,0,0.854930699
457,0,0.686663628,0,0.823605299
458,0,0.94721055,0,0.599495888
459,0,0.968070626,0,0.448240101
460,0,0.751041591,0,0.363844037
461,0,0.725488186,0,0.316084772
462,0,0.857096016,0,0.199303448
463,0,0.570255101,0,0.130830407
464,0.1681,0.35289073,0.2003,0.043213755
465,0.3275,0.291729033,0.3963,0.095006242
466,0.47,0.255962312,0.4968,0.191337913
467,0.4264,0.155585855,0.4553,0.145866185
468,0.4459,0.157079071,0.4639,0.17013973
469,0.4834,0.132549644,0.4762,0.067343056
470,0.6303,0.238282189,0.6118,0.06855081
471,0.3922,0.239939079,0.4236,0.056210428
472,0.3528,0.271274298,0.2969,0.087241471
473,0.2192,0.236726984,0.2024,0.109862432
474,0.0833,0.160334155,0.0789,0.181660235
475,0,0.292999268,0,0.27242738
476,0,0.401110888,0,0.286082685
477,0,0.149256185,0,0.269473583
478,0,0.163049132,0,0.340033472
479,0,0.166977257,0,0.344270676
480,0,0.205250561,0,0.205188617
481,0,0.307979465,0,0.204994872
482,0,0.422584713,0,0.256006956
483,0,0.406198055,0,0.247988999
484,0,0.361611843,0,0.211419225
485,0,0.24808161,0,0.200011283
486,0,0.122475065,0,0.178104073
487,0,0.061104923,0,0.129664958
488,0.0483,0.001909042,0.0107,0.224155784
489,0.1379,0.030662451,0.1244,0.195972994
490,0.2279,0.035824325,0.1986,0.191820532
491,0.2641,0.026189856,0.2571,0.244714767
492,0.2979,0.000577044,0.3222,0.256400168
493,0.3468,0.000226538,0.3903,0.260348976
494,0.3644,0.003640169,0.4114,0.264438897
495,0.3465,0.009475692,0.4116,0.303551227
496,0.324,0.039171852,0.3266,0.221615791
497,0.2125,0.049333788,0.2253,0.249633402
498,0.0673,0.006074722,0.0732,0.26829651
499,0,0.0032244,0,0.258434594
500,0,0.03518948,0,0.27804935
501,0,0.186126143,0,0.306461513
502,0,0.45455578,0,0.285110682
503,0,0.378552973,0,0.393156409
504,0,0.702663004,0,0.476771116
505,0,1,0,0.984772265
506,0,1,0,0.999990463
507,0,1,0,1
508,0,1,0,1
509,0,0.993162215,0,0.994208932
510,0,0.98094672,0,0.995880723
511,0,0.952337444,0,0.989818454
512,0.0092,0.877646685,0.0238,0.988986373
513,0.0916,0.917681456,0.1984,0.987028956
514,0.3281,0.854564667,0.3732,0.985864997
515,0.423,0.640910566,0.4554,0.973445892
516,0.4581,0.648748994,0.4953,0.952996492
517,0.4584,0.517342627,0.4939,0.931267619
518,0.4346,0.75304997,0.4942,0.94568181
519,0.3725,0.937116444,0.4446,0.931097329
520,0.3797,0.972286224,0.4313,0.957239568
521,0.266,1,0.3186,0.931653082
522,0.1099,0.559285879,0.1679,0.918859482
523,0.0132,0.705785155,0.0334,0.924452901
524,0,0.477521032,0,0.966774821
525,0,0.783579946,0,0.958847761
526,0,0.753980935,0,0.957835317
527,0,0.914723337,0,0.958957911
528,0,0.903074682,0,0.985623717
529,0,0.89521426,0,0.986165285
530,0,0.906263471,0,0.951996803
531,0,0.830947042,0,0.900824547
532,0,0.688806951,0,0.755500019
533,0,0.873750508,0,0.740092039
534,0,0.708367765,0,0.720699549
535,0.0942,0.427050799,0.1216,0.646447659
536,0.2605,0.738505423,0.2739,0.636807084
537,0.4075,0.906119883,0.4273,0.718317986
538,0.5245,0.901215196,0.5165,0.740345776
539,0.6,0.81003499,0.5981,0.821550727
540,0.612,0.813559234,0.6208,0.94831562
541,0.6225,0.902390301,0.5842,0.949582875
542,0.7787,0.808963418,0.719,0.999377012
543,0.5473,0.494023442,0.5147,0.869310141
544,0.4565,0.388377905,0.4242,0.746510386
545,0.323,0.175890371,0.325,0.784854591
546,0.1512,0.208492547,0.1869,0.515747726
547,0.0499,0.738512874,0.0568,0.914861023
548,0,0.092029631,0,0.163565964
549,0,0.442285091,0,0.897040844
550,0,0.591250539,0,0.849861503
551,0,0.398042053,0,0.705603004
552,0,0.515133202,0,0.787957251
553,0,0.00138881,0,0.048022453
554,0,0.342214018,0,0.72031796
555,0,0.042128015,0,0.054862633
556,0,0.779057145,0,0.635807931
557,0,0.673693538,0,0.547463059
558,0.0005,0.010940572,0,0.063994192
559,0.0872,0.240113929,0.1218,0.308910102
560,0.2712,0.000622577,0.2991,0.119093776
561,0.4665,0.000714916,0.4859,0.290451705
562,0.6087,0.270867258,0.6103,0.638813257
563,0.7054,0.608322859,0.6446,0.696631134
564,0.6586,0.787960768,0.5585,0.621932864
565,0.5991,0.819174051,0.6046,0.553723276
566,0.5881,0.750757039,0.552,0.554722607
567,0.573,0.631903112,0.5218,0.466262609
568,0.4545,0.569544792,0.4655,0.309238613
569,0.3241,0.390066892,0.3282,0.318926513
570,0.1461,0.600500703,0.1803,0.291261852
571,0.0381,0.10643135,0.0636,0.24448967
572,0,0.018097293,0,0.367611498
573,0,0.133739099,0,0.435823679
574,0,0.189501777,0,0.652366757
575,0,0.482799739,0,0.60935843
576,0,0.589737058,0,0.803999066
577,0,0.3718701,0,0.80461514
578,0,0.312747627,0,0.662740111
579,0,0.206773847,0,0.646067262
580,0,0.111707672,0,0.588037133
581,0,0.002263496,0,0.473199546
582,0.0493,0.00603312,0,0.44189018
583,0.0917,0.000481104,0.1251,0.253719687
584,0.2768,0.048649795,0.3055,0.072316267
585,0.4619,1.08E-05,0.4662,0.028111011
586,0.6047,0.004203369,0.556,0.059065111
587,0.7077,0.077972278,0.613,0.166877478
588,0.6966,0.378578484,0.5149,0.095294312
589,0.6007,0.616874814,0.4499,0.116155803
590,0.5188,0.594856858,0.4268,0.191265017
591,0.4571,0.588433743,0.4157,0.307730585
592,0.3729,0.430401534,0.363,0.644259334
593,0.2741,0.870926797,0.258,0.704815924
594,0.1203,0.975161433,0.1186,0.880092621
595,0.0016,0.447313875,0.0007,0.902629614
596,0,0.154002219,0,0.910028458
597,0,0.238145694,0,0.947542071
598,0,0.160827205,0,0.835615695
599,0,0.040918317,0,0.688681483
600,0,0.195152611,0,0.598271847
601,0,0.577475309,0,0.427203566
602,0,0.951914668,0,0.374159575
603,0,0.999493182,0,0.369925082
604,0,1,0,0.361405373
605,0,1,0,0.339065343
606,0,1,0,0.368749678
607,0.0835,1,0.1167,0.469379961
608,0.2597,1,0.3008,0.421346366
609,0.426,1,0.4797,0.572523773
610,0.5534,1,0.6032,0.795023441
611,0.7817,1,0.8177,0.882801354
612,0.6721,1,0.6935,0.96761322
613,0.6865,1,0.6996,0.997336566
614,0.6856,1,0.6933,1
615,0.6293,1,0.6467,1
616,0.513,1,0.5478,1
617,0.3588,1,0.4061,1
618,0.1693,1,0.2237,1
619,0.0613,1,0.0894,1
620,0,1,0,0.999962866
621,0,1,0,1
622,0,0.994575143,0,1
623,0,0.981276035,0,0.999985516
624,0,0.896311998,0,1
625,0,0.857198417,0,1
626,0,0.807089388,0,1
627,0,0.960698903,0,1
628,0,0.857702792,0,0.999023259
629,0,0.921978414,0,0.990850806
630,0.0969,0.838033378,0.087,0.992687821
631,0.0994,0.782606661,0.1337,0.985980868
632,0.267,0.801607251,0.3054,0.990027905
633,0.4652,0.925497532,0.4933,0.999566913
634,0.6177,0.771592259,0.6328,0.997391582
635,0.7405,0.61442858,0.7381,0.98540175
636,0.7489,0.375686228,0.7418,0.983328342
637,0.7483,0.484907836,0.7424,0.994881809
638,0.7424,0.538775146,0.7348,0.995165467
639,0.6644,0.687196791,0.6813,0.979057074
640,0.5355,0.615338981,0.5282,0.98683989
641,0.3457,0.595331132,0.3801,0.990314007
642,0.15,0.357232004,0.2018,0.96430707
643,0.059,0.375199169,0.0706,0.908296227
644,0,0.477542132,0,0.808068037
645,0,0.534386039,0,0.91275084
646,0,0.702538669,0,0.956340551
647,0,0.805244803,0,0.960220277
648,0,0.799776375,0,0.945180953
649,0,0.895068109,0,0.887928367
650,0,0.962961137,0,0.798302293
651,0,0.984760702,0,0.629671037
652,0,0.994194925,0,0.505612791
653,0,0.999985814,0,0.40457505
654,0.0968,0.975248814,0.0727,0.416240692
655,0.0959,0.58400923,0.1334,0.367600381
656,0.2821,0.131447449,0.3146,0.246390373
657,0.4778,0.211835012,0.4983,0.47741586
658,0.6264,0.529911637,0.6336,0.730220437
659,0.7379,0.74610889,0.7354,0.894937754
660,0.758,0.90819943,0.7642,0.929054737
661,0.7581,0.989248514,0.7653,0.990611076
662,0.7456,1,0.7615,0.999107063
663,0.6691,1,0.7018,0.996322632
664,0.5448,0.989941597,0.5819,0.999952793
665,0.3721,1,0.4279,0.999979556
666,0.1593,1,0.2221,0.999992192
667,0.0698,1,0.1006,1
668,0,0.831628621,0,0.954586625
669,0,0.874698818,0,0.983723879
670,0,0.678449094,0,0.967501342
671,0,0.892120004,0,0.955243111
672,0,0.992359221,0,0.900340676
673,0,0.255533934,0,0.371049285
674,0,0.157546759,0,0.49363941
675,0,0.199761152,0,0.41943267
676,0,0.195887998,0,0.531292915
677,0,0.206376255,0,0.592756748
678,0.0862,0.220516995,0.0741,0.609481633
679,0.1147,0.063040741,0.1331,0.483346254
680,0.2431,0.109704487,0.2546,0.374912441
681,0.3828,0.179136857,0.3673,0.332571357
682,0.492,0.200069875,0.4812,0.315493822
683,0.5487,0.356357276,0.5556,0.482944906
684,0.5534,0.50347507,0.5748,0.596071005
685,0.558,0.717685103,0.5721,0.662995458
686,0.5522,0.871921659,0.5592,0.620360613
687,0.5321,0.800152361,0.5415,0.672803819
688,0.4367,0.725072324,0.4812,0.770771027
689,0.315,0.708724082,0.3599,0.863388896
690,0.1671,0.657537103,0.207,0.812877953
691,0.0824,0.363562495,0.1017,0.831174731
692,0.0091,0.504807055,0.0396,0.849172294
693,0,0.408079177,0,0.785294414
694,0,0.531135499,0,0.757732749
695,0,0.233968467,0,0.876612186
696,0,0.317590177,0,0.811368525
697,0,0.431610733,0,0.694496393
698,0,0.574139476,0,0.712165236
699,0,0.5398283,0,0.687352419
700,0,0.201132476,0,0.659404457
701,0,0.107555799,0,0.697532237
702,0.0587,0.144015923,0.0126,0.66704905
703,0.1202,0.071583487,0.1019,0.370624304
704,0.2267,0.205921009,0.2045,0.198139548
705,0.3121,0.161220312,0.3112,0.115637213
706,0.3871,0.336054265,0.3663,0.137585416
707,0.4377,0.368090123,0.4167,0.213544935
708,0.4715,0.454866886,0.4684,0.296501637
709,0.481,0.460774302,0.4928,0.341858566
710,0.4752,0.431218863,0.4656,0.504923463
711,0.4683,0.424021393,0.3782,0.555706739
712,0.3812,0.402401239,0.3149,0.58567667
713,0.2652,0.201657325,0.2465,0.529349804
714,0.1535,0.31398356,0.1617,0.271917343
715,0.0289,0.642302394,0.0083,0.68558681
716,0,0.458561152,0,0.740724802
717,0,0.278454691,0,0.761210203
718,0,0.406244844,0,0.765236795
719,0,0.48908928,0,0.627387524
720,0,0.247558758,0,0.580875278
721,0,0.342755079,0,0.632006764
722,0,0.309545279,0,0.578805923
723,0,0.171430543,0,0.609469712
724,0,0.143114701,0,0.574605167
725,0,0.098292246,0,0.354392409
726,0,0.035499647,0,0.486296773
727,0.0152,0.059476066,0.001,0.380780578
728,0.0911,0.11565797,0.0361,0.511300564
729,0.1895,0.450230718,0.1556,0.576747477
730,0.2332,0.528750181,0.2229,0.583429992
731,0.2898,0.409164637,0.3207,0.519946456
732,0.3538,0.186176032,0.3915,0.605123937
733,0.3662,0.088073134,0.4183,0.509155095
734,0.3455,0.035387903,0.4072,0.443727702
735,0.2894,0.104915872,0.3946,0.44295612
736,0.2522,0.058641382,0.3199,0.410591662
737,0.177,0.102075763,0.2486,0.363248765
738,0.1159,0.119901411,0.1285,0.475088507
739,0.0529,0.0421708,0.068,0.527274489
740,0.048,0.026643943,0.0668,0.398225695
741,0,0.006000017,0,0.446907103
742,0,0.011312632,0,0.49304834
743,0,0.147607014,0,0.621403217
744,0,0.327344626,0,0.594646752
745,0,0.510582566,0,0.597996175
746,0,0.665729821,0,0.616550386
747,0,0.769778907,0,0.678454101
748,0,0.781615794,0,0.732066453
749,0,0.923156559,0,0.680707097
750,0.1017,0.872993588,0.1517,0.700340629
751,0.103,0.416936696,0.1317,0.468663871
752,0.2403,0.640715778,0.2659,0.308907151
753,0.3815,0.548123121,0.4216,0.433436096
754,0.4815,0.678181589,0.4981,0.668577075
755,0.5593,0.523655593,0.5462,0.600421906
756,0.6001,0.422979057,0.5636,0.4817487
757,0.6257,0.440276533,0.584,0.500855207
758,0.6342,0.288656324,0.5905,0.445044398
759,0.5798,0.088861234,0.5736,0.536001384
760,0.4757,0.048434187,0.4946,0.585669577
761,0.3352,0.015997954,0.3746,0.476768315
762,0.1595,0.02092329,0.2176,0.462205201
763,0.0851,0.016852297,0.1172,0.34112674
764,0.1883,0.024710625,0.1645,0.224550784
765,0,0.056830518,0,0.50530684
766,0,0.067118898,0,0.625415683
767,0,0.083863556,0,0.80799073
768,0,0.224713877,0,0.827878237
769,0,0.295715094,0,0.795009732
770,0,0.475750923,0,0.806117177
771,0,0.429904968,0,0.751525283
772,0,0.133806333,0,0.688379347
773,0,0.097172618,0,0.590809584
774,0.187,0.178564966,0.1914,0.440276444
775,0.093,0.15810056,0.1356,0.206560731
776,0.2452,0.085907668,0.2812,0.076066189
777,0.4187,0.136811152,0.4427,0.052358244
778,0.5509,0.16231443,0.564,0.072258621
779,0.6487,0.265915275,0.6528,0.163257718
780,0.6968,0.404657096,0.7036,0.21888794
781,0.693,0.51797837,0.7014,0.174088746
782,0.6863,0.590401947,0.6962,0.271408796
783,0.6064,0.492305607,0.6233,0.288551986
784,0.4918,0.327540308,0.5182,0.327175796
785,0.343,0.226276025,0.3867,0.23930341
786,0.1604,0.203923002,0.2214,0.183847055
787,0.087,0.11941237,0.1234,0.155675009
788,0.2318,0.280301064,0.2254,0.147988319
789,0,0.350494742,0,0.283060133
790,0,0.308144778,0,0.354517639
791,0,0.317373067,0,0.417354345
792,0,0.228583589,0,0.352071643
793,0,0.126057819,0,0.384281546
794,0,0.145783231,0,0.439341187
795,0,0.1197372,0,0.447830498
796,0,0.130558938,0,0.448487759
797,0,0.122706443,0,0.378204077
798,0.1887,0.212007314,0.2121,0.328149706
799,0.0929,0.1003922,0.1401,0.142711937
800,0.2427,0.031912338,0.2791,0.020971987
801,0.4116,0.048532557,0.4387,0.03525766
802,0.5369,0.043898437,0.554,0.0197175
803,0.6279,0.071059972,0.6423,0.045648471
804,0.6575,0.042385492,0.6722,0.063592114
805,0.6482,0.089992523,0.6526,0.095929787
806,0.6391,0.129399985,0.6397,0.073528484
807,0.5776,0.140253082,0.5868,0.09993241
808,0.4757,0.140412569,0.4965,0.102977335
809,0.3383,0.338652551,0.3819,0.080296755
810,0.1684,0.413234174,0.2233,0.192715466
811,0.0868,0.488830209,0.1236,0.310765326
812,0.0487,0.315008312,0.0592,0.376608133
813,0,0.294467419,0,0.381036401
814,0,0.33345896,0,0.470916688
815,0,0.247955799,0,0.443783104
816,0,0.21165216,0,0.426078439
817,0,0.08057832,0,0.391872585
818,0,0.05053981,0,0.369980156
819,0,0.027604669,0,0.293420106
820,0,0.024256045,0,0.263359457
821,0,0.022627071,0,0.209918827
822,0.1238,0.007028688,0.1169,0.201831371
823,0.1126,0.000443146,0.1345,0.159745127
824,0.2482,0.000209463,0.267,0.119903788
825,0.4064,0.006409309,0.4155,0.127775416
826,0.5351,0.000249937,0.5408,0.094079047
827,0.6317,2.38E-05,0.633,0.086347684
828,0.6694,0.003048241,0.6776,0.116006024
829,0.6718,0.042286195,0.6771,0.275058508
830,0.6624,0.053152397,0.6612,0.289999306
831,0.5849,0.090882063,0.5833,0.515571296
832,0.4741,0.133875713,0.4927,0.687199116
833,0.3354,0.328875691,0.3771,0.80862993
834,0.1691,0.303652883,0.2266,0.789527178
835,0.0894,0.411599845,0.1258,0.832211196
836,0.1753,0.407856643,0.1013,0.791961193
837,0,0.466663718,0,0.738780499
838,0,0.442651212,0,0.638597965
839,0,0.190238789,0,0.55591768
840,0,0.081739865,0,0.482379586
841,0,0.817797184,0,0.962591827
842,0,0.888929725,0,0.923123181
843,0,0.751034379,0,0.831858814
844,0,0.79903245,0,0.815626502
845,0,0.876591146,0,0.665987194
846,0.1589,0.707008123,0.1619,0.522662103
847,0.0943,0.088600382,0.1276,0.338464826
848,0.2225,0.000809482,0.2324,0.211390138
849,0.3699,0.000263533,0.3786,0.262747616
850,0.5086,0.005281799,0.5158,0.481900901
851,0.5908,0.065957956,0.601,0.67559731
852,0.6336,0.255372465,0.6416,0.700909555
853,0.6495,0.270025104,0.6538,0.572559476
854,0.6516,0.23363024,0.6476,0.520779252
855,0.5842,0.098080635,0.5803,0.58054179
856,0.4786,0.004125754,0.4959,0.520184278
857,0.3446,0.040038742,0.3844,0.626820385
858,0.1706,0.09455841,0.2211,0.669668615
859,0.0752,0.215795413,0.108,0.495085895
860,0.1152,0.537878633,0.1398,0.479402661
861,0,0.265307099,0,0.740881264
862,0,0.242676929,0,0.854333758
863,0,0.284396559,0,0.859905839
864,0,0.700323761,0,0.872298837
865,0,0.782878578,0,0.89959389
866,0,0.781068265,0,0.852646232
867,0,0.864242733,0,0.765143156
868,0,0.701699257,0,0.644705117
869,0,0.802221179,0,0.473367125
870,0.1589,0.529627025,0.166,0.466383934
871,0.089,0.139716625,0.1233,0.404371977
872,0.2251,0.004609409,0.2577,0.179535657
873,0.3939,0,0.4171,0.171064153
874,0.5244,0,0.5388,0.17557855
875,0.6196,0,0.6238,0.180777729
876,0.6585,0.001204639,0.6613,0.331032664
877,0.659,0.001477879,0.6531,0.392510831
878,0.6504,0.010902325,0.6415,0.375513554
879,0.5857,0.011755455,0.5953,0.381989688
880,0.4782,0.075571179,0.4992,0.534682751
881,0.3406,0.101943076,0.3779,0.476915896
882,0.1721,0.108775333,0.2209,0.437347203
883,0.0742,0.062693395,0.1052,0.332266152
884,0.0396,0.116569161,0.0287,0.438831061
885,0,0.092704207,0,0.624498606
886,0,0.23583515,0,0.663919389
887,0,0.204842225,0,0.725468278
888,0,0.245853648,0,0.508997321
889,0,0.247653484,0,0.48204875
890,0,0.186836675,0,0.401856899
891,0,0.092781231,0,0.365234554
892,0,0.075210728,0,0.38432771
893,0,0.053601258,0,0.317716032
894,0.0857,0.022764446,0.0724,0.26640135
895,0.0985,0.038315382,0.1164,0.204927266
896,0.2236,0,0.2424,0.059406698
897,0.3682,1.07E-05,0.3825,0.007268985
898,0.461,0,0.4792,0.001936314
899,0.5657,0.002635513,0.6047,0.002098743
900,0.6113,0.027275627,0.635,0.039177664
901,0.6112,0.021283705,0.6169,0.081791446
902,0.7148,0.068118349,0.7353,0.103177123
903,0.5522,0.197984576,0.5818,0.15871644
904,0.4604,0.220261842,0.4931,0.145702109
905,0.3336,0.30080384,0.3819,0.131346986
906,0.1691,0.408814192,0.2235,0.123524368
907,0.0764,0.199913591,0.1006,0.171917498
908,0.0422,0.426000834,0.0385,0.286634326
909,0,0.20293051,0,0.342288911
910,0,0.50099647,0,0.433295488
911,0,0.368808419,0,0.521863997
912,0,0.100870162,0,0.53487587
913,0,0.072634153,0,0.644737303
914,0,0.136515558,0,0.700178027
915,0,0.269426137,0,0.788835526
916,0,0.312267452,0,0.732494175
917,0,0.205833882,0,0.649236441
918,0.1104,0.284998775,0.0658,0.661727667
919,0.0878,0.183165148,0.1202,0.491339147
920,0.2191,0.050369695,0.254,0.248544365
921,0.3857,0.000220031,0.4076,0.114520662
922,0.5104,0.00628757,0.5215,0.254401684
923,0.6019,0.010242932,0.6039,0.260031074
924,0.6436,0.013313625,0.6412,0.309670746
925,0.6155,0.021124285,0.6345,0.389329493
926,0.7403,0.040823564,0.7585,0.459581256
927,0.5629,0.06583266,0.5834,0.441820174
928,0.4731,0.141652644,0.4988,0.41475147
929,0.3398,0.176141694,0.3796,0.348683596
930,0.1685,0.22296156,0.2249,0.363346934
931,0.073,0.267490387,0.1097,0.271154702
932,0.0515,0.326519668,0.0755,0.224437058
933,0,0.443631709,0,0.34814924
934,0,0.558796465,0,0.396882057
935,0,0.5950284,0,0.45529601
936,0,0.763088822,0,0.430940121
937,0,0.774059713,0,0.450038642
938,0,0.866425455,0,0.438241184
939,0,0.956704021,0,0.42793709
940,0,0.835111439,0,0.48630777
941,0,0.499104619,0,0.566731036
942,0.1349,0.473318368,0.0848,0.628187001
943,0.087,0.300047606,0.091,0.516454577
944,0.2179,0.019017693,0.1993,0.22279796
945,0.3662,0.000222957,0.3474,0.08899235
946,0.453,0.00067973,0.4397,0.069031969
947,0.5139,0.001896137,0.5108,0.063565858
948,0.5027,0.002511985,0.4458,0.066698283
949,0.486,0.029796394,0.4827,0.152992547
950,0.5046,0.121206544,0.4512,0.206111357
951,0.4792,0.154077724,0.4062,0.26776433
952,0.4084,0.246447563,0.3605,0.236120731
953,0.2899,0.227422833,0.2536,0.30843389
954,0.1532,0.130244672,0.1258,0.319988668
955,0.0512,0.268249333,0.0334,0.343753844
956,0.0079,0.09147121,0,0.39291048
957,0,0.210430145,0,0.48380667
958,0,0.313427418,0,0.452286959
959,0,0.294840246,0,0.405125558
960,0,0.189340532,0,0.386858791
961,0,0.311506182,0,0.417278826
962,0,0.429367989,0,0.410167038
963,0,0.666860759,0,0.533909023
964,0,0.714906156,0,0.661154389
965,0,0.753606141,0,0.700447381
966,0.0009,0.745957077,0,0.758610725
967,0.0476,0.553795636,0.069,0.730833173
968,0.1894,0.232608795,0.2037,0.410654962
969,0.3091,0.216478005,0.3469,0.170906514
970,0.3908,0.0983219,0.4454,0.132971898
971,0.4513,0.20118317,0.5356,0.111299545
972,0.4954,0.175673634,0.5765,0.070892677
973,0.5444,0.106838748,0.6069,0.094320223
974,0.5906,0.100744501,0.621,0.254580468
975,0.5663,0.096420929,0.5791,0.289869249
976,0.463,0.108535677,0.48,0.298413754
977,0.3344,0.157490104,0.3653,0.296498209
978,0.1675,0.203478783,0.2149,0.306476951
979,0.0696,0.237200379,0.1006,0.251269281
980,0.0264,0.258274436,0.0248,0.246904761
981,0,0.397927761,0,0.269306123
982,0,0.552703142,0,0.275501251
983,0,0.572329819,0,0.281742573
984,0,0.566900074,0,0.268800199
985,0,0.516343713,0,0.245486215
986,0,0.379571438,0,0.318734169
987,0,0.25224036,0,0.258571506
988,0,0.188107312,0,0.197928727
989,0,0.138289481,0,0.199667037
990,0.1152,0.181085125,0.0347,0.191009521
991,0.0873,0.061506607,0.1075,0.131597802
992,0.2188,0.009964381,0.2322,0.041415401
993,0.361,5.49E-05,0.3316,0.016327722
994,0.4632,0.002230583,0.3595,0.017201526
995,0.5972,0.010341065,0.4541,0.022785647
996,0.464,0.068388782,0.4555,0.058574662
997,0.4484,0.043731201,0.4176,0.09385588
998,0.4266,0.09393847,0.3601,0.217545807
999,0.4012,0.043836854,0.3141,0.238522217
1000,0.3295,0.09929195,0.2299,0.204888746
1001,0.2302,0.16745013,0.1561,0.305586934
1002,0.1164,0.253020108,0.0778,0.255524606
1003,0.0125,0.045722414,0.0004,0.238821268
1004,0,0.07418026,0,0.348031223
1005,0,0.07617934,0,0.14238359
1006,0,0.185299113,0,0.112149894
1007,0,0.049925163,0,0.07309211
1008,0,0.021917189,0,0.049112782
1009,0,0.069366634,0,0.059702866
1010,0,0.173460245,0,0.074365459
1011,0,0.330310285,0,0.062557846
1012,0,0.484885126,0,0.071087427
1013,0,0.506483376,0,0.075161591
1014,0.0316,0.51050359,0.0168,0.044340335
1015,0.0805,0.199067056,0.1067,0.05166579
1016,0.2149,0.356455564,0.2393,0.01513879
1017,0.3659,0.283349901,0.3837,0.016382087
1018,0.4898,0.25886184,0.4951,0.009380207
1019,0.5831,0.385790199,0.5785,0.023820121
1020,0.6085,0.518073618,0.6126,0.09957771
1021,0.5999,0.445449471,0.6174,0.080900639
1022,0.5772,0.387315661,0.6044,0.254250467
1023,0.5188,0.37337923,0.5663,0.181480706
1024,0.4201,0.503884971,0.4586,0.158758685
1025,0.3017,0.433672816,0.3374,0.189708054
1026,0.1691,0.605397165,0.2068,0.152186692
1027,0.0705,0.168280423,0.0937,0.108798154
1028,0,0.094467729,0,0.114200592
1029,0,0.062528327,0,0.16704531
1030,0,0.15690814,0,0.19962807
1031,0,0.118883848,0,0.168253437
1032,0,0.251304626,0,0.078460611
1033,0,0.46454832,0,0.091273665
1034,0,0.619871557,0,0.153806269
1035,0,0.782924116,0,0.185553581
1036,0,0.544351637,0,0.213648766
1037,0,0.388339579,0,0.246533602
1038,0.0259,0.188761607,0.0003,0.20844081
1039,0.096,0.056012779,0.0996,0.15391171
1040,0.2133,0.011642265,0.2184,0.141758978
1041,0.3624,0.005336904,0.3801,0.141372338
1042,0.4795,0.036412083,0.497,0.176750541
1043,0.5633,0.113800742,0.566,0.240983516
1044,0.5708,0.309363514,0.5632,0.291923583
1045,0.534,0.537328064,0.5305,0.310834885
1046,0.5641,0.75558275,0.5783,0.32536751
1047,0.5537,0.804839015,0.5735,0.281852484
1048,0.457,0.814335048,0.4853,0.264059514
1049,0.3439,0.82010901,0.4051,0.214059621
1050,0.1642,0.700861871,0.2135,0.283645898
1051,0.0638,0.377394527,0.0909,0.375071973
1052,0,0.301600695,0,0.475409746
1053,0,0.539320409,0,0.512138724
1054,0,0.604777336,0,0.561678171
1055,0,0.605847716,0,0.698435903
1056,0,0.867583036,0,0.629852653
1057,0,0.896252215,0,0.6318084
1058,0,0.902161598,0,0.730929375
1059,0,0.807876408,0,0.745003581
1060,0,0.481758773,0,0.693539083
1061,0,0.350461036,0,0.562577009
1062,0.0054,0.369291186,0.0003,0.480208516
1063,0.0826,0.327216417,0.1088,0.477022827
1064,0.2036,0.128708065,0.2241,0.218143106
1065,0.3215,0.109231159,0.3379,0.194244981
1066,0.4199,0.032121081,0.4303,0.267623186
1067,0.5034,0.165889904,0.5516,0.235411063
1068,0.5322,0.229558229,0.5807,0.330409825
1069,0.5403,0.552829027,0.5564,0.273507774
1070,0.4716,0.673825681,0.4414,0.400495827
1071,0.3179,0.909441948,0.2005,0.565150857
1072,0.1481,0.40397352,0.201,0.624679148
1073,0.1209,0.053071491,0.2205,0.632019281
1074,0.1182,0.009857893,0.1106,0.62109381
1075,0.0209,0.022703402,0.0083,0.588119864
1076,0,0.06118574,0,0.625629306
1077,0,0.155283213,0,0.692180157
1078,0,0.194212124,0,0.848867655
1079,0,0.325269014,0,0.804378629
1080,0,0.216164544,0,0.607896805
1081,0,0.294233441,0,0.649045944
1082,0,0.27193734,0,0.564376056
1083,0,0.172537595,0,0.66976577
1084,0,0.461593479,0,0.455647349
1085,0,0.475345463,0,0.362804651
1086,0.0124,0.302758217,0,0.430874139
1087,0.0858,0.147479713,0.0708,0.283736497
1088,0.1993,0.066136509,0.1866,0.209491715
1089,0.3012,0.048136499,0.3088,0.188906968
1090,0.4181,0.001305424,0.41,0.200804844
1091,0.5171,0.02227441,0.4767,0.180536553
1092,0.5313,0.010808986,0.5248,0.432551235
1093,0.5773,0.011530235,0.5645,0.437235355
1094,0.5196,0.058907609,0.5172,0.519850671
1095,0.4946,0.063854888,0.5145,0.718330741
1096,0.4443,0.145684391,0.4684,0.601710439
1097,0.3279,0.10168203,0.3687,0.695452809
1098,0.1745,0.104971349,0.2197,0.618776441
1099,0.071,0.01616681,0.0928,0.620671511
1100,0.0002,0.297574669,0,0.394486606
1101,0,0.367312461,0,0.647626281
1102,0,0.0007446,0,0.007264851
1103,0,0.068054058,0,0.717990816
1104,0,0.094593525,0,0.787509739
1105,0,0.213648081,0,0.724269986
1106,0,0.531912327,0,0.727548957
1107,0,0.692196727,0,0.753442526
1108,0,0.518783391,0,0.668654859
1109,0,0.676166594,0,0.503800452
1110,0.0042,0.510285676,0,0.366526216
1111,0.0398,0.148385465,0.0037,0.123009101
1112,0.1349,0.017506892,0.0539,0.004508218
1113,0.246,0.102544896,0.1719,0.004836794
1114,0.3214,0.135170639,0.2838,0.006659714
1115,0.3781,0.132621363,0.37,0.03347563
1116,0.4205,0.069042861,0.4164,0.066656902
1117,0.4431,0.048704062,0.387,0.12635231
1118,0.4225,0.026934966,0.3769,0.097560838
1119,0.4012,0.03281936,0.3819,0.046201877
1120,0.3611,0.031553883,0.3384,0.047009844
1121,0.2682,0.081398696,0.2655,0.058036353
1122,0.1522,0.036627773,0.1453,0.080282196
1123,0.0493,7.58E-06,0.0601,0.026029274
1124,0.0035,0.009274209,0,0.205130726
1125,0,0.005863861,0,0.239637733
1126,0,0.003044422,0,0.228756726
1127,0,0.005838812,0,0.265000641
1128,0,0.00170265,0,0.305796921
1129,0,0.005503632,0,0.253565937
1130,0,0.006187149,0,0.188861892
1131,0,0.105491459,0,0.158726007
1132,0,0.203179836,0,0.144552737
1133,0,0.31184566,0,0.151686087
1134,0.0958,0.15729934,0.0236,0.15887779
1135,0.085,0.027425,0.1118,0.098857567
1136,0.2209,0.000555741,0.2461,0.015690109
1137,0.3936,0.001436484,0.4127,0.000112617
1138,0.5269,0.003749114,0.5355,0.000105856
1139,0.6269,0.010715026,0.612,0.001608537
1140,0.6626,0.024330039,0.6631,0.012877713
1141,0.6526,0.009454269,0.6607,0.051263224
1142,0.6325,0.015575085,0.6558,0.051028762
1143,0.5865,0.038747013,0.6019,0.067830533
1144,0.4871,0.055153936,0.5113,0.089574166
1145,0.35,0.099925354,0.39,0.187966168
1146,0.1748,0.171507657,0.2283,0.252968103
1147,0.0721,0.259897947,0.1039,0.293105483
1148,0.0038,0.484913051,0.0004,0.292433858
1149,0,0.65207845,0,0.584969997
1150,0,0.549565196,0,0.615296006
1151,0,0.264352381,0,0.701627791
1152,0,0.201819241,0,0.640225172
1153,0,0.110443436,0,0.574448824
1154,0,0.227475628,0,0.627178669
1155,0,0,0,0.00530291
1156,0,0,0,0.003513803
1157,0,0.007766452,0,0.003311914
1158,0.1493,0.011667026,0.146,0.003518699
1159,0.0807,0.006440069,0.1169,0.013626697
1160,0.2201,0.147832498,0.2513,0.10863997
1161,0.3898,0.007227662,0.408,0.065270953
1162,0.5143,0,0.5257,0.094853349
1163,0.6101,0.002701762,0.6115,0.116510764
1164,0.6395,0.036665987,0.6428,0.184746236
1165,0.6368,0.050647214,0.6367,0.309439421
1166,0.6288,0.118039176,0.6295,0.385022372
1167,0.5833,0.2463561,0.5949,0.370233446
1168,0.478,0.403732568,0.5051,0.371943533
1169,0.345,0.448961526,0.3877,0.402502477
1170,0.1708,0.506937206,0.2244,0.429250807
1171,0.0667,0.515148342,0.1006,0.467637539
1172,0,0.401803851,0,0.456362575
1173,0,0.542189062,0,0.71908617
1174,0,0.627934754,0,0.706160724
1175,0,0.294224769,0,0.819404304
1176,0,0.445834845,0,0.787577629
1177,0,0.024488203,0,0.211383402
1178,0,0.005497254,0,0.228788704
1179,0,0.000441103,0,0.238111526
1180,0,0.000736618,0,0.280220598
1181,0,0.013448789,0,0.335776538
1182,0,0.001552999,0,0.371844947
1183,0.0431,0.016414369,0.0466,0.379808933
1184,0.1775,0.005320419,0.1907,0.088616818
1185,0.3417,0,0.3665,0.001679926
1186,0.4808,0,0.4885,0.000457473
1187,0.5742,0,0.5011,0.000646615
1188,0.5341,0,0.4825,0.012560356
1189,0.4891,0.000754692,0.4556,0.019351425
1190,0.4521,0.038070913,0.4608,0.025946101
1191,0.4369,0.06807334,0.4621,0.106752187
1192,0.3852,0.120829791,0.4827,0.124011248
1193,0.2983,0.122325301,0.3694,0.168473959
1194,0.1453,0.214777768,0.1858,0.216642812
1195,0.0205,0.103976943,0.0151,0.324292243
1196,0,0.146478951,0,0.551609874
1197,0,0.081246406,0,0.481333166
1198,0,0.099981464,0,0.393494248
1199,0,0.121285483,0,0.333009362
1200,0,0.345799059,0,0.301646888
1201,0,0.358311385,0,0.245249376
1202,0,0.194117829,0,0.153551921
1203,0,0.110107139,0,0.090068094
1204,0,0.081565939,0,0.085924797
1205,0,0.281551629,0,0.240650654
1206,0,0.279634416,0,0.396836817
1207,0.0223,0.212583974,0.0276,0.381199241
1208,0.1784,0.361322314,0.2007,0.18445313
1209,0.3427,0.274970293,0.3705,0.131783009
1210,0.4846,0.310066044,0.515,0.054771841
1211,0.5725,0.549035251,0.617,0.057597555
1212,0.5996,0.357780188,0.6119,0.129023895
1213,0.5755,0.297160596,0.6042,0.175138921
1214,0.573,0.308325291,0.6034,0.146690637
1215,0.549,0.118818954,0.5902,0.112838358
1216,0.4675,0.116064131,0.4872,0.055768564
1217,0.317,0.126575261,0.3457,0.094371229
1218,0.1336,0.059000582,0.1521,0.047472261
1219,0.0148,0.057932265,0.0257,0.054275297
1220,0,0.058630191,0,0.121350482
1221,0,0.168209702,0,0.11250753
1222,0,0.110391833,0,0.131108373
1223,0,0.112563834,0,0.108525306
1224,0,0.187843025,0,0.193357229
1225,0,0.191884756,0,0.219419837
1226,0,0.289943606,0,0.173750401
1227,0,0.18661052,0,0.182981074
1228,0,0.261437118,0,0.214446887
1229,0,0.285387605,0,0.290568531
1230,0,0.183640614,0,0.296664894
1231,0.0642,0.059578352,0.064,0.280617714
1232,0.2111,0.02105093,0.2294,0.142356813
1233,0.383,0.000327676,0.4194,0.023166763
1234,0.5296,0,0.5294,0.036664654
1235,0.6173,0,0.606,0.01770059
1236,0.6147,0,0.6101,0.04053995
1237,0.5963,4.64E-05,0.552,0.061745696
1238,0.583,0.000644455,0.5537,0.117708616
1239,0.5717,0.012756106,0.5885,0.145780116
1240,0.4633,0.039040573,0.4848,0.150234714
1241,0.3282,0.091524944,0.3442,0.192582756
1242,0.1391,0.114686362,0.173,0.176951408
1243,0.0192,0.176582024,0.0385,0.275971234
1244,0,0.210110322,0,0.457726896
1245,0,0.243104339,0,0.566378832
1246,0,0.420706183,0,0.510715723
1247,0,0.370098799,0,0.560095489
1248,0,0.790265799,0,0.469285667
1249,0,0.661855102,0,0.450456172
1250,0,0.717997789,0,0.519352913
1251,0,0.733835995,0,0.545781553
1252,0,0.524593949,0,0.52260375
1253,0,0.374724686,0,0.578290582
1254,0,0.147474244,0,0.672654927
1255,0.0536,0.116236642,0.0656,0.698708355
1256,0.2156,0.10792923,0.2278,0.504605353
1257,0.3624,0.014900561,0.3432,0.148610294
1258,0.457,0.000839952,0.4161,0.088444382
1259,0.4909,0.000334627,0.4938,0.104066178
1260,0.5337,0.001384574,0.6022,0.205290958
1261,0.5614,0.006068298,0.6255,0.168278873
1262,0.5731,0.02413255,0.6169,0.283201665
1263,0.5627,0.043813463,0.5878,0.337751269
1264,0.4566,0.134383693,0.4864,0.334272325
1265,0.3138,0.183430493,0.3612,0.409378052
1266,0.1382,0.107053183,0.1829,0.373552203
1267,0.0157,0.127708003,0.036,0.411909223
1268,0,0.133422852,0,0.437734008
1269,0,0.285129964,0,0.521359563
1270,0,0.283379018,0,0.585067868
1271,0,0.159851655,0,0.577053666
1272,0,0.57962507,0,0.609774947
1273,0,0.754561901,0,0.609237015
1274,0,0.611357749,0,0.450032294
1275,0,0.372281522,0,0.338815153
1276,0,0.250736982,0,0.258467823
1277,0,0.109799281,0,0.191373512
1278,0,0.101276971,0,0.114194691
1279,0.0498,0.134444043,0.0666,0.110491574
1280,0.2088,0.163690537,0.2258,0.016773593
1281,0.3714,0.003203062,0.38,0.020016165
1282,0.483,0,0.4861,0.011504777
1283,0.5506,0,0.5247,0.027993515
1284,0.5401,0,0.5085,0.038645867
1285,0.5246,0.000301063,0.5305,0.032318179
1286,0.5164,0.011065927,0.5355,0.032075513
1287,0.4891,0.037177719,0.4995,0.019559074
1288,0.3955,0.055280887,0.4104,0.043799516
1289,0.2852,0.14146091,0.3526,0.049676921
1290,0.1296,0.155148029,0.1675,0.048560832
1291,0.0073,0.02911645,0.0205,0.123071775
1292,0,0.020586953,0,0.142420888
1293,0,0.017006775,0,0.183028519
1294,0,0.016090911,0,0.149926037
1295,0,0.034998387,0,0.211292326
1296,0,0.095579408,0,0.249545693
1297,0,0.176470742,0,0.21323733
1298,0,0.177451313,0,0.226848692
1299,0,0.2249275,0,0.218803883
1300,0,0.140706241,0,0.272590637
1301,0,0.085635424,0,0.241350695
1302,0,0.020704094,0,0.28406617
1303,0.0376,0.002257308,0.0425,0.326939523
1304,0.1679,0.001343192,0.1724,0.210281074
1305,0.3053,0.002372579,0.3042,0.16682373
1306,0.4204,1.76E-05,0.4168,0.120708011
1307,0.4801,0.001147653,0.4976,0.090949811
1308,0.5293,0.059270803,0.492,0.161989763
1309,0.5588,0.072345227,0.5564,0.136165485
1310,0.5357,0.09780746,0.5843,0.255556911
1311,0.5009,0.148131341,0.5729,0.275317192
1312,0.4341,0.443712413,0.4757,0.392962337
1313,0.3047,0.480769128,0.3243,0.559274435
1314,0.1335,0.374290407,0.1598,0.574594319
1315,0.0131,0.382233739,0.0213,0.570596933
1316,0,0.314262241,0,0.69997561
1317,0,0.403662413,0,0.691486657
1318,0,0.284232348,0,0.590405107
1319,0,0.189224839,0,0.64343071
1320,0,0.211672679,0,0.456028104
1321,0,0.132683113,0,0.541794658
1322,0,0.057144277,0,0.579233587
1323,0,0.104336128,0,0.735429168
1324,0,0.097777627,0,0.712021112
1325,0,0.05427013,0,0.675500989
1326,0,0.055842452,0,0.587614536
1327,0.0406,0.095989451,0.0634,0.539128423
1328,0.2104,0.062838465,0.2258,0.308826715
1329,0.3931,0.007532438,0.4117,0.166598231
1330,0.5351,0.000374348,0.5439,0.035945348
1331,0.6404,0.00032155,0.6451,0.02241262
1332,0.6488,0.000352971,0.6582,0.049111038
1333,0.6503,0.004096869,0.6607,0.077151828
1334,0.6435,0.010309711,0.6521,0.132567197
1335,0.5997,0.032383375,0.6166,0.138344169
1336,0.4801,0.072304383,0.5075,0.166375995
1337,0.3244,0.100602642,0.3651,0.31999433
1338,0.1324,0.112688825,0.1782,0.323047101
1339,0.0085,0.225813627,0.0295,0.3913849
1340,0,0.206518441,0,0.577695429
1341,0,0.418049455,0,0.663550913
1342,0,0.594238639,0,0.65632081
1343,0,0.498331428,0,0.529265046
1344,0,0.159249201,0,0.677042365
1345,0,0.000170827,0,0.039480999
1346,0,0.000330491,0,0.042134315
1347,0,0.008975953,0,0.047144126
1348,0,0.028366176,0,0.044882912
1349,0,0.047658481,0,0.040577874
1350,0,0.020951875,0,0.04116822
1351,0,0.016528202,0,0.043201886
1352,0.103,0.061987393,0.0719,0.052069955
1353,0.3367,0.029779723,0.3259,0.058852695
1354,0.5029,0.038432878,0.5018,0.088490315
1355,0.6295,0.059015073,0.6078,0.135328561
1356,0.641,0.170929462,0.6065,0.234617501
1357,0.6296,0.330376446,0.6128,0.235211819
1358,0.6023,0.40051046,0.5842,0.393817782
1359,0.4756,0.54056108,0.481,0.508648992
1360,0.3125,0.445490211,0.3059,0.387741148
1361,0.0716,0.353917331,0.0951,0.300351799
1362,0,0.474078,0,0.284488797
1363,0,0.494052589,0,0.337671727
1364,0,0.595775306,0,0.348833591
1365,0,0.62349987,0,0.487308443
1366,0,0.696579933,0,0.555295467
1367,0,0.625244915,0,0.644382298
1368,0,0.672557771,0,0.689055562
1369,0,0.566133976,0,0.767054141
1370,0,0.705252767,0,0.732545972
1371,0,0.513045669,0,0.767071962
1372,0,0.510314405,0,0.481121004
1373,0,0.729553521,0,0.413037866
1374,0,0.761322439,0,0.607999206
1375,0,0.493663102,0,0.52047503
1376,0.0002,0.36528033,0,0.459775805
1377,0.2048,0.331763327,0.2009,0.419153154
1378,0.3617,0.315054476,0.3846,0.349077016
1379,0.4551,0.36612308,0.4206,0.233005673
1380,0.4406,0.407980204,0.4248,0.175957173
1381,0.3895,0.788694203,0.4079,0.30339554
1382,0.3436,0.471933067,0.3871,0.439860284
1383,0.2994,0.671246827,0.3139,0.449415863
1384,0.1652,0.435648322,0.2324,0.542967975
1385,0.012,0.209347382,0.0679,0.240013599
1386,0,0.228019759,0,0.114786729
1387,0,0.536509931,0,0.591418445
1388,0,0.538068175,0,0.592992246
1389,0,0.230950385,0,0.078851521
1390,0,0.169289395,0,0.0990365
1391,0,0.201660678,0,0.135033727
1392,0,0.138939247,0,0.119213603
1393,0,0.036772445,0,0.056109518
1394,0,0.00308613,0,0.031988516
1395,0,0.000706943,0,0.062169198
1396,0,0.001301517,0,0.043859672
1397,0,0.016332004,0,0.026609097
1398,0,0.008077377,0,0.018657302
1399,0,0.019539453,0,0.028255571
1400,0.0741,0.002058651,0.0775,0.028066568
1401,0.3326,0.056036718,0.3077,0.058862176
1402,0.513,0.274677455,0.4897,0.210383117
1403,0.6304,0.325939208,0.6502,0.310549378
1404,0.6421,0.269390732,0.6793,0.312219173
1405,0.6634,0.289349556,0.708,0.431685686
1406,0.6169,0,0.6714,0
1407,0.5355,0.208825722,0.5738,0.41941601
1408,0.3307,0,0.3691,0
1409,0.0844,0,0.1219,0
1410,0,0,0,0
1411,0,0.291040152,0,0.593102396
1412,0,0.605302572,0,0.444494605
1413,0,0,0,0
1414,0,0,0,0
1415,0,0,0,0
1416,0,0,0,0
1417,0,0,0,0
1418,0,0,0,0
1419,0,0,0,0
1420,0,0,0,0
1421,0,0,0,0
1422,0,0,0,0
1423,0,0,0,0
1424,0.0709,0,0.0674,0
1425,0.2937,0,0.2968,0
1426,0.4255,0,0.461,0
1427,0.5184,0,0.5393,0
1428,0.5122,0,0.4746,0
1429,0.4839,0.039806731,0.5537,0.174783945
1430,0.4576,0,0.5086,0
1431,0.4155,0.001499381,0.4354,0.17243734
1432,0.2268,0.00029518,0.2009,0.3103351
1433,0.0106,6.09E-05,0.0005,0.031522494
1434,0,3.58E-05,0,0.003092523
1435,0,4.91E-05,0,0.003174704
1436,0,6.41E-05,0,0.005214957
1437,0,4.74E-05,0,0.003555125
1438,0,4.34E-05,0,0.002840152
1439,0,5.87E-05,0,0.001750828
1440,0,3.65E-05,0,0.001786857
1441,0,5.04E-05,0,0.001802123
1442,0,3.33E-05,0,0.001555054
1443,0,6.57E-05,0,0.003194453
1444,0,6.53E-05,0,0.005853857
1445,0,7.02E-05,0,0.007757547
1446,0,4.94E-05,0,0.015071672
1447,0,1.12E-05,0,0.012148128
1448,0,2.84E-05,0.0017,0.02393923
1449,0.1785,0.000200419,0.2658,0.028790483
1450,0.4377,0.00237218,0.4747,0.05589845
1451,0.5751,0.051822416,0.5178,0.104964383
1452,0.5155,0.056211028,0.4517,0.120550618
1453,0.4923,0.071888499,0.3956,0.077960521
1454,0.4147,0.085337453,0.3687,0.057773225
1455,0.3057,0.076875716,0.2795,0.055509232
1456,0.1433,0.020311095,0.1759,0.041455455
1457,0.0014,0.027379906,0.0297,0.02190993
1458,0,0.016506765,0,0.019985341
1459,0,0.010661581,0,0.035227433
1460,0,0.029216683,0,0.093530074
1461,0,0.01897984,0,0.07657744
1462,0,0.012963274,0,0.050331928
1463,0,0.012143001,0,0.040419694
1464,0,0.00058385,0,0.021879192
1465,0,1.25E-05,0,0.017546821
1466,0,0.000268777,0,0.02471143
1467,0,0.000301618,0,0.036863197
1468,0,0.005135396,0,0.048120715
1469,0,0.003235959,0,0.020783674
1470,0,0.004908995,0,0.034994986
1471,0,0.003336316,0,0.015394686
1472,0.0727,0.003471117,0.0684,0.01665945
1473,0.3305,0.004270801,0.3375,0.037597105
1474,0.5087,0.008132322,0.517,0.070744701
1475,0.6255,0.081011914,0.636,0.108079299
1476,0.6438,0.112119257,0.6664,0.044273067
1477,0.6342,0.031323094,0.6641,0.032415222
1478,0.6073,0.030429002,0.6386,0.031280816
1479,0.4905,0.007816003,0.5212,0.069783062
1480,0.3167,0.013387572,0.3481,0.034498572
1481,0.0647,0,0.1059,0.009384813
1482,0,0,0,0.005913305
1483,0,0,0,0.004123555
1484,0,0,0,0.001567991
1485,0,0,0,0.001472575
1486,0,0.000321551,0,0.001512685
1487,0,0.008571428,0,0.001117161
1488,0,0.023775127,0,0.000480715
1489,0,0.007332826,0,0.000770831
1490,0,0.009890662,0,0.000897505
1491,0,0.010256416,0,0.000182501
1492,0,0.00962998,0,0.000173381
1493,0,0.006760235,0,0.000792753
1494,0,0.008187366,0,0.001113133
1495,0,0.006208578,0,0.000379189
1496,0.0732,0.000949961,0.0626,0.000776284
1497,0.3249,0.00813111,0.3298,0.002293999
1498,0.5055,0.023034059,0.5071,0.001693855
1499,0.6259,0.036741018,0.6188,0.003433702
1500,0.6462,0.018753242,0.6542,0.000721696
1501,0.6498,0.014817446,0.6549,0.001589493
1502,0.6233,0.001068622,0.6278,0.000175662
1503,0.4959,0.000394323,0.4984,9.61E-05
1504,0.2951,0.000163447,0.3003,0.000151504
1505,0.0327,1.68E-05,0.0558,2.09E-05
1506,0,5.27E-05,0,4.39E-06
1507,0,0.001216543,0,3.11E-05
1508,0,0.002289178,0,0.001215237
1509,0,0.004496836,0,0.001903116
1510,0,0.014883439,0,0.001491165
1511,0,0.026143538,0,0.001652725
1512,0,0.039016221,0,0.001880916
1513,0,0.196855649,0,0.364896327
1514,0,0.07997895,0,0.230226904
1515,0,0.085180894,0,0.280503005
1516,0,0.098656289,0,0.206801504
1517,0,0.141046807,0,0.150344521
1518,0,0.15791139,0,0.16248101
1519,0,0.149105087,0,0.089340515
1520,0,0.101002522,0,0.067649417
1521,0.2772,0.168160841,0.288,0.072323456
1522,0.4703,0.459758073,0.4637,0.148451656
1523,0.5945,0.730826378,0.5536,0.318755865
1524,0.6074,0.920655966,0.6065,0.398753226
1525,0.6058,0.900399923,0.579,0.478337765
1526,0.573,0.830963373,0.5484,0.682277143
1527,0.4695,0.834859908,0.4642,0.461171448
1528,0.2946,0.530247152,0.3147,0.297343254
1529,0.0015,0.257003456,0.0484,0.228956327
1530,0,0.073373519,0,0.221199751
1531,0,0.013176475,0,0.130152673
1532,0,0.000357268,0,0.234487087
1533,0,0,0,0.189554632
1534,0,0,0,0.110512033
1535,0,0,0,0.035743657
1536,0,0.000295655,0,0.055080459
1537,0,1.83E-05,0,0.03362409
1538,0,0,0,0.021175332
1539,0,0,0,0.00341103
1540,0,0,0,0.002389108
1541,0,0,0,0.003944313
1542,0,0,0,0.003100403
1543,0,0.000799759,0,0.003511916
1544,0,0.00032822,0,0.001128754
1545,0.1029,0,0.0745,0.000772598
1546,0.2427,0,0.2522,0.000660239
1547,0.3353,5.05E-06,0.3334,0.000466652
1548,0.3693,0,0.3485,4.58E-05
1549,0.321,0,0.3388,1.65E-05
1550,0.2798,0,0.3379,1.49E-06
1551,0.2887,6.15E-05,0.3133,0
1552,0.1717,0.000322065,0.1924,0.000578687
1553,0,0.000258478,0,4.49E-07
1554,0,0.000254347,0,4.73E-06
1555,0,0.00095264,0,0.000105247
1556,0,0.001598039,0,0.0005258
1557,0,0.002736128,0,0.001642361
1558,0,0.004819703,0,0.001275363
1559,0,0.002815315,0,0.001441495
1560,0,0.001111662,0,0.002369676
1561,0,0.004619826,0,0.004123273
1562,0,0.013734495,0,0.004395677
1563,0,0.006075219,0,0.007776518
1564,0,0.005867018,0,0.021396797
1565,0,0.006454244,0,0.020947153
1566,0,0.001825185,0,0.026925843
1567,0,0.017288091,0,0.044819325
1568,0,0.000526794,0,0.058502775
1569,0.1982,0.000747612,0.2372,0.055792175
1570,0.3702,0.005186242,0.443,0.056126565
1571,0.4604,0.019555334,0.5472,0.05412107
1572,0.5011,0.017807115,0.5775,0.055959456
1573,0.5173,0.012719838,0.5742,0.026762718
1574,0.5058,0.156649753,0.4846,0.026849799
1575,0.3876,0.307089061,0.3915,0.009776292
1576,0.1969,0.214498192,0.2302,0.005743272
1577,0,0.2281041,0.0021,0.00478826
1578,0,0.112953909,0,0.004260485
1579,0,0.059126329,0,0.003720263
1580,0,0.007401282,0,0.005222955
1581,0,0.014012869,0,0.005544674
1582,0,0.00549963,0,0.002695719
1583,0,3.54E-06,0,0.004272182
1584,0,0.031184454,0,0.014847984
1585,0,0.059124026,0,0.013666502
1586,0,0.079677746,0,0.048023768
1587,0,0.066642232,0,0.162439197
1588,0,0.038001623,0,0.212555051
1589,0,0.078255944,0,0.151014179
1590,0,0.041557591,0,0.166452259
1591,0,0.033567775,0,0.202019185
1592,0,0.013971851,0,0.22157383
1593,0.2668,0.019223142,0.2687,0.266779512
1594,0.4708,0.029227782,0.4733,0.380293012
1595,0.5885,0.169650957,0.5933,0.471342355
1596,0.5494,0.348233074,0.5518,0.258014411
1597,0.5991,0.438930571,0.6187,0.315827489
1598,0.5673,0.351334214,0.623,0.180056363
1599,0.483,0.403092742,0.5108,0.270218581
1600,0.3013,0.522940397,0.3315,0.227596372
1601,0.0001,0.347989529,0.0373,0.178521544
1602,0,0.042578425,0,0.13617523
1603,0,0.128508881,0,0.149890244
1604,0,0.185722023,0,0.281802535
1605,0,0.259771824,0,0.403117508
1606,0,0.426333785,0,0.403636634
1607,0,0.311244607,0,0.337498724
1608,0,0.213788033,0,0.557706356
1609,0,0.360295653,0,0.587857842
1610,0,0.153321177,0,0.461893737
1611,0,0.06624119,0,0.487103105
1612,0,0.041442599,0,0.414392889
1613,0,0.029058078,0,0.224741697
1614,0,8.44E-05,0,0.102251709
1615,0,0.000482521,0,0.128630966
1616,0,0,0,0.050198104
1617,0.1993,0.000641594,0.1787,0.12740384
1618,0.38,0.036998596,0.3826,0.183763623
1619,0.4883,0.103658676,0.4539,0.15910551
1620,0.5493,0.093477517,0.5053,0.115790196
1621,0.5521,0.057065763,0.4578,0.132838145
1622,0.5214,0.012270316,0.4155,0.12889497
1623,0.4105,0.01702342,0.375,0.075514629
1624,0.2423,0.003028527,0.2447,0.065074511
1625,0,0.030110713,0.0002,0.001844887
1626,0,0.011046975,0,0.003227213
1627,0,0.022840384,0,0.011765286
1628,0,0.019630214,0,0.0135707
1629,0,0.097961478,0,0.004110239
1630,0,0.112173602,0,0.00703875
1631,0,0.101782739,0,0.010116415
1632,0,0.110446163,0,0.007726965
1633,0,0.068983518,0,0.004615325
1634,0,0.144262925,0,0.001911142
1635,0,0.205671966,0,0.001943026
1636,0,0.257281125,0,0.002347258
1637,0,0.289213091,0,0.002721983
1638,0,0.253973126,0,0.00569111
1639,0,0.271025538,0,0.007540014
1640,0,0.213243261,0,0.01368444
1641,0.2168,0.236492172,0.2371,0.01000371
1642,0.3862,0.201613888,0.3842,0.01665188
1643,0.4511,0.150109321,0.4481,0.023584809
1644,0.4476,0.162102938,0.4967,0.016751368
1645,0.4533,0.125036791,0.4988,0.026214356
1646,0.437,0.056647908,0.4838,0.022430997
1647,0.4112,0.108449601,0.4464,0.014004987
1648,0.275,0.085936442,0.2983,0.026054081
1649,0,0.131815821,0.0032,0.018260367
1650,0,0.096837506,0,0.03484806
1651,0,0.047658637,0,0.04085673
1652,0,0.078504041,0,0.02848977
1653,0,0.071076289,0,0.026087586
1654,0,0.116672114,0,0.048963085
1655,0,0.13537927,0,0.031566687
1656,0,0.123699278,0,0.045357767
1657,0,0.076558188,0,0.059924081
1658,0,0.080270179,0,0.068389259
1659,0,0.086002328,0,0.059497163
1660,0,0.048127584,0,0.08310324
1661,0,0.01575792,0,0.102144554
1662,0,0.012967503,0,0.122772872
1663,0,0.002141553,0,0.171073705
1664,0,0.0030981,0,0.219397694
1665,0.1184,0.000234923,0.0845,0.200007498
1666,0.2778,0.000373551,0.2591,0.220994174
1667,0.3585,0,0.3346,0.209178418
1668,0.3238,0.015729198,0.3968,0.203515097
1669,0.3411,0.018590601,0.3904,0.227897614
1670,0.3405,0.091118015,0.4161,0.209356695
1671,0.286,0.052068722,0.324,0.324218661
1672,0.1028,0.131338283,0.1612,0.288892925
1673,0,0.101284891,0.0001,0.246395826
1674,0,0.095428444,0,0.198073909
1675,0,0.086883761,0,0.184009045
1676,0,0.132991686,0,0.193628415
1677,0,0.205821633,0,0.20093815
1678,0,0.074472994,0,0.216271028
1679,0,0.165889025,0,0.184818745
1680,0,0.160590693,0,0.254487246
1681,0,0.948060751,0,0.344566047
1682,0,0.968795002,0,0.349321395
1683,0,0.920570195,0,0.387455314
1684,0,0.915033162,0,0.420267791
1685,0,0.93106705,0,0.466814876
1686,0,0.964147449,0,0.491728783
1687,0,0.865228295,0,0.503290057
1688,0,0.630746245,0,0.522607625
1689,0.0047,0.548930883,0.0012,0.512592614
1690,0.0927,0.839797556,0.1535,0.571044505
1691,0.4885,0.626507342,0.4988,0.177272946
1692,0.2045,0.406345069,0.2217,0.540132105
1693,0.2195,0.422324628,0.2522,0.643624783
1694,0.2344,0.390160412,0.208,0.664822519
1695,0.1627,0.215015948,0.161,0.734352589
1696,0.0863,0.251458287,0.0739,0.793614507
1697,0,0.403544754,0,0.814629912
1698,0,0.524721861,0,0.828825891
1699,0,0.417192131,0,0.830017507
1700,0,0.29080385,0,0.746881485
1701,0,0.508419752,0,0.628943741
1702,0,0.613990784,0,0.59251684
1703,0,0.755406201,0,0.739096999
1704,0,0.76316303,0,0.706968844
1705,0,0.89406544,0,0.727778316
1706,0,0.905935585,0,0.805239558
1707,0,0.973092675,0,0.85394311
1708,0,0.858394384,0,0.95251441
1709,0,0.888274908,0,0.972224832
1710,0,0.828928947,0,0.98458612
1711,0,0.893690944,0,0.98853451
1712,0,0.863422811,0,0.983852506
1713,0.0207,0.591598213,0.0011,0.974061131
1714,0.0515,0.425245762,0.1093,0.970405579
1715,0.1372,0.16295065,0.239,0.964687347
1716,0.234,0.0406061,0.3622,0.942841649
1717,0.3238,0.007073462,0.446,0.915387094
1718,0.3697,0.026672075,0.4443,0.895790637
1719,0.2723,0.036231555,0.358,0.883965611
1720,0.1336,0.104993083,0.2271,0.857621849
1721,0,0.002954858,0.0015,0.859104574
1722,0,5.17E-05,0,0.560796499
1723,0,0.231597468,0,0.883975625
1724,0,0.02157902,0,0.50161463
1725,0,0.785671294,0,0.874453545
1726,0,0.773067832,0,0.829093456
1727,0,0.930281758,0,0.835861683
1728,0,0.912500381,0,0.837355137
1729,0,0.991850436,0,0.845780611
1730,0,0.997183025,0,0.864656925
1731,0,0.998820007,0,0.824689507
1732,0,0.988576114,0,0.809691548
1733,0,0.987490177,0,0.814585924
1734,0,0.966065586,0,0.792777717
1735,0,0.966192782,0,0.80385685
1736,0,0.992122948,0,0.84248817
1737,0.131,0.99207449,0.1541,0.820585608
1738,0.3268,0.985871851,0.4076,0.823234618
1739,0.4726,0.912636936,0.4867,0.712467134
1740,0.4975,1,0.502,0.738969147
1741,0.466,1,0.4856,0.734872818
1742,0.4577,1,0.4776,0.82385844
1743,0.3858,1,0.4049,0.846394658
1744,0.2499,1,0.2799,0.877283812
1745,0.0011,0.999357283,0.0142,0.857719064
1746,0,0.973172128,0,0.82657814
1747,0,0.988195121,0,0.821926236
1748,0,0.753647685,0,0.204021156
1749,0,0.903469324,0,0.708783388
1750,0,0.855964899,0,0.606735349
1751,0,0.965489328,0,0.546737313
1752,0,0.518625796,0,0.471610099
1753,0,0.404243648,0,0.499005049
1754,0,0.955841482,0,0.362698406
1755,0,0.902587056,0,0.2276434
1756,0,0.833757401,0,0.204485476
1757,0,0.595389485,0,0.223155558
1758,0,0.507802248,0,0.26852572
1759,0,0.492616057,0,0.196111172
1760,0,0.583466828,0,0.186900377
1761,0.2102,0.0049446,0.2145,0.02852121
1762,0.4132,0.023828983,0.43,0.006137889
1763,0.5376,0.00051596,0.588,0.015036192
1764,0.5974,0.003811433,0.6619,0.007312477
1765,0.5731,0.004492204,0.6333,0.006372233
1766,0.4995,0.04070691,0.5888,0.003032009
1767,0.3932,0.025645019,0.3718,0.000760925
1768,0.1858,0.148547709,0.1745,0.044820458
1769,0,0.032718968,0,0.121228307
1770,0,0.301874906,0,0.189463079
1771,0,0.388644904,0,0.271698296
1772,0,0.507278144,0,0.478265643
1773,0,0.485150129,0,0.398450971
1774,0,0.5977,0,0.357499659
1775,0,0.777572513,0,0.480053067
1776,0,0.905500472,0,0.501342833
1777,0,0.918302298,0,0.400150657
1778,0,0.93642807,0,0.340167463
1779,0,0.980234683,0,0.528440297
1780,0,0.997672081,0,0.485906631
1781,0,0.997290134,0,0.561473548
1782,0,0.997363389,0,0.722633004
1783,0,1,0,0.747998774
1784,0,1,0,0.748306632
1785,0,1,0.0001,0.907060266
1786,0.0446,1,0.0558,0.982385278
1787,0.0583,1,0.0287,0.981374264
1788,0.0588,0.997597039,0.065,0.948304415
1789,0.0315,1,0.0339,0.99208951
1790,0.0289,1,0.2606,1
1791,0.1648,0.990978003,0.383,1
1792,0.285,0.932233751,0.2594,0.926462054
1793,0,1,0,0.999726057
1794,0,0.868762195,0,0.997933269
1795,0,0.655033052,0,0.992620349
1796,0,0.466116309,0,0.99098289
1797,0,0.808867455,0,0.991220474
1798,0,0.259511918,0,0.578857839
1799,0,0.330851376,0,0.449934274
1800,0,0.520800292,0,0.888722062
1801,0,0.637001514,0,0.811786354
1802,0,0.550767601,0,0.836008787
1803,0,0.509570956,0,0.805447817
1804,0,0.708533406,0,0.713231623
1805,0,0.85241431,0,0.638344944
1806,0,0.992044389,0,0.595443845
1807,0,0.576828361,0,0.074237362
1808,0,0.499022454,0,0.071709111
1809,0.0978,0.734134138,0.0935,0.07799831
1810,0.2792,0.998327315,0.2962,0.234298646
1811,0.4105,1,0.4065,0.245920241
1812,0.4492,1,0.4214,0.261467129
1813,0.4963,1,0.43,0.244671449
1814,0.4878,1,0.4406,0.287394404
1815,0.4023,1,0.3807,0.31978786
1816,0.2639,1,0.2685,0.356773227
1817,0.0209,0.998755574,0.0563,0.466454327
1818,0,0.877889574,0,0.630985141
1819,0,0.882909715,0,0.707187116
1820,0,0.950754344,0,0.819473982
1821,0,0.974348128,0,0.5069381
1822,0,1,0,0.897075057
1823,0,0.994307339,0,0.90114522
1824,0,0.99816674,0,0.94619894
1825,0,0.991348386,0,0.917904496
1826,0,0.9349401,0,0.985740066
1827,0,0.895884573,0,0.989411354
1828,0,0.905766428,0,0.98770678
1829,0,0.955079734,0,0.983844399
1830,0,0.985930979,0,0.975888431
1831,0,0.937855124,0,0.959067583
1832,0,0.827365756,0,0.94615835
1833,0.2274,0.673906088,0.189,0.944834948
1834,0.4451,0.525920928,0.346,0.868874252
1835,0.5487,0.250736058,0.4271,0.827648282
1836,0.5288,0.346493572,0.4127,0.833770573
1837,0.4508,0.175522581,0.4253,0.859382033
1838,0.4375,0.151652679,0.4323,0.808366656
1839,0.3749,0.26580295,0.3965,0.718648612
1840,0.2477,0.76519984,0.3089,0.686894178
1841,0.0342,0.561110258,0.0853,0.652467132
1842,0,0.201530188,0,0.646622181
1843,0,0.469632506,0,0.6867342
1844,0,0.65647018,0,0.532880247
1845,0,0.907784522,0,0.489718676
1846,0,0.838078797,0,0.470822036
1847,0,0.612954617,0,0.338083714
1848,0,0.935695052,0,0.384214431