Time_Index,Demand_MW_z1,Demand_MW_z2,Demand_MW_z3,Demand_H2_z1,Demand_H2_z2,Demand_H2_z3,Demand_NG_z1,Demand_NG_z2,Demand_NG_z3,Demand_Gasoline_z1,Demand_Gasoline_z2,Demand_Gasoline_z3,Demand_JetFuel_z1,Demand_JetFuel_z2,Demand_JetFuel_z3,Demand_Zero
1,142603,86509,32650,31937.18,30440.74,15988.28,23741,29289,20855,43482,27285,15630,17376,9508,9854,0
2,133215,82158,31129,31937.18,30440.74,15988.28,23741,29289,20855,43482,27285,15630,17376,9508,9854,0
3,126761,79440,30181,31937.18,30440.74,15988.28,23741,29289,20855,43482,27285,15630,17376,9508,9854,0
4,121972,77663,29584,31937.18,30440.74,15988.28,23741,29289,20855,43482,27285,15630,17376,9508,9854,0
5,119224,77233,29457,31937.18,30440.74,15988.28,23741,29289,20855,43482,27285,15630,17376,9508,9854,0
6,118004,76789,29516,31937.18,30440.74,15988.28,23741,29289,20855,43482,27285,15630,17376,9508,9854,0
7,118925,79837,30415,31937.18,30440.74,15988.28,23741,29289,20855,43482,27285,15630,17376,9508,9854,0
8,125019,87377,32609,31937.18,30440.74,15988.28,23741,29289,20855,43482,27285,15630,17376,9508,9854,0
9,138941,95296,35350,31937.18,30440.74,15988.28,23741,29289,20855,43482,27285,15630,17376,9508,9854,0
10,154792,102572,37649,31937.18,30440.74,15988.28,23741,29289,20855,43482,27285,15630,17376,9508,9854,0
11,169471,108579,39185,31937.18,30440.74,15988.28,23741,29289,20855,43482,27285,15630,17376,9508,9854,0
12,181980,113840,40398,31937.18,30440.74,15988.28,23741,29289,20855,43482,27285,15630,17376,9508,9854,0
13,192201,117685,41234,31937.18,30440.74,15988.28,23741,29289,20855,43482,27285,15630,17376,9508,9854,0
14,200082,121069,41854,31937.18,30440.74,15988.28,23741,29289,20855,43482,27285,15630,17376,9508,9854,0
15,204403,123636,42309,31937.18,30440.74,15988.28,23741,29289,20855,43482,27285,15630,17376,9508,9854,0
16,206602,125930,42768,31937.18,30440.74,15988.28,23741,29289,20855,43482,27285,15630,17376,9508,9854,0
17,207521,127029,43420,31937.18,30440.74,15988.28,23741,29289,20855,43482,27285,15630,17376,9508,9854,0
18,205635,126049,43842,31937.18,30440.74,15988.28,23741,29289,20855,43482,27285,15630,17376,9508,9854,0
19,199732,123027,43366,31937.18,30440.74,15988.28,23741,29289,20855,43482,27285,15630,17376,9508,9854,0
20,192852,119784,42690,31937.18,30440.74,15988.28,23741,29289,20855,43482,27285,15630,17376,9508,9854,0
21,186130,117826,42329,31937.18,30440.74,15988.28,23741,29289,20855,43482,27285,15630,17376,9508,9854,0
22,178064,110884,40590,31937.18,30440.74,15988.28,23741,29289,20855,43482,27285,15630,17376,9508,9854,0
23,164951,102242,37553,31937.18,30440.74,15988.28,23741,29289,20855,43482,27285,15630,17376,9508,9854,0
24,150960,94175,34530,31937.18,30440.74,15988.28,23741,29289,20855,43482,27285,15630,17376,9508,9854,0
25,139470,88579,32237,31937.18,30440.74,15988.28,23741,29289,20855,43482,27285,15630,17376,9508,9854,0
26,131042,85021,30813,31937.18,30440.74,15988.28,23741,29289,20855,43482,27285,15630,17376,9508,9854,0
27,125306,83070,29912,31937.18,30440.74,15988.28,23741,29289,20855,43482,27285,15630,17376,9508,9854,0
28,122656,83388,29770,31937.18,30440.74,15988.28,23741,29289,20855,43482,27285,15630,17376,9508,9854,0
29,123535,87059,30595,31937.18,30440.74,15988.28,23741,29289,20855,43482,27285,15630,17376,9508,9854,0
30,128466,92600,32580,31937.18,30440.74,15988.28,23741,29289,20855,43482,27285,15630,17376,9508,9854,0
31,135523,99807,35929,31937.18,30440.74,15988.28,23741,29289,20855,43482,27285,15630,17376,9508,9854,0
32,143437,107878,39558,31937.18,30440.74,15988.28,23741,29289,20855,43482,27285,15630,17376,9508,9854,0
33,155027,115695,42518,31937.18,30440.74,15988.28,23741,29289,20855,43482,27285,15630,17376,9508,9854,0
34,168464,123665,44904,31937.18,30440.74,15988.28,23741,29289,20855,43482,27285,15630,17376,9508,9854,0
35,181174,130567,46954,31937.18,30440.74,15988.28,23741,29289,20855,43482,27285,15630,17376,9508,9854,0
36,192800,136348,48416,31937.18,30440.74,15988.28,23741,29289,20855,43482,27285,15630,17376,9508,9854,0
37,201940,141160,49663,31937.18,30440.74,15988.28,23741,29289,20855,43482,27285,15630,17376,9508,9854,0
38,208159,144781,50863,31937.18,30440.74,15988.28,23741,29289,20855,43482,27285,15630,17376,9508,9854,0
39,211883,146813,51557,31937.18,30440.74,15988.28,23741,29289,20855,43482,27285,15630,17376,9508,9854,0
40,213244,147863,52008,31937.18,30440.74,15988.28,23741,29289,20855,43482,27285,15630,17376,9508,9854,0
41,212097,147623,52069,31937.18,30440.74,15988.28,23741,29289,20855,43482,27285,15630,17376,9508,9854,0
42,207840,144305,51130,31937.18,30440.74,15988.28,23741,29289,20855,43482,27285,15630,17376,9508,9854,0
43,201439,139233,49479,31937.18,30440.74,15988.28,23741,29289,20855,43482,27285,15630,17376,9508,9854,0
44,194942,135454,48264,31937.18,30440.74,15988.28,23741,29289,20855,43482,27285,15630,17376,9508,9854,0
45,189347,131928,47409,31937.18,30440.74,15988.28,23741,29289,20855,43482,27285,15630,17376,9508,9854,0
46,181269,122768,44728,31937.18,30440.74,15988.28,23741,29289,20855,43482,27285,15630,17376,9508,9854,0
47,167433,111805,40657,31937.18,30440.74,15988.28,23741,29289,20855,43482,27285,15630,17376,9508,9854,0
48,153241,102766,36847,31937.18,30440.74,15988.28,23741,29289,20855,43482,27285,15630,17376,9508,9854,0
49,141345,95796,34113,31937.18,30440.74,15988.28,23741,29289,20855,43482,27285,15630,17376,9508,9854,0
50,133012,91163,32303,31937.18,30440.74,15988.28,23741,29289,20855,43482,27285,15630,17376,9508,9854,0
51,127633,88326,31281,31937.18,30440.74,15988.28,23741,29289,20855,43482,27285,15630,17376,9508,9854,0
52,124678,87947,30989,31937.18,30440.74,15988.28,23741,29289,20855,43482,27285,15630,17376,9508,9854,0
53,125363,90944,31826,31937.18,30440.74,15988.28,23741,29289,20855,43482,27285,15630,17376,9508,9854,0
54,129816,96249,33905,31937.18,30440.74,15988.28,23741,29289,20855,43482,27285,15630,17376,9508,9854,0
55,136625,102487,37275,31937.18,30440.74,15988.28,23741,29289,20855,43482,27285,15630,17376,9508,9854,0
56,144225,109418,40874,31937.18,30440.74,15988.28,23741,29289,20855,43482,27285,15630,17376,9508,9854,0
57,153391,116592,43684,31937.18,30440.74,15988.28,23741,29289,20855,43482,27285,15630,17376,9508,9854,0
58,163564,123731,45807,31937.18,30440.74,15988.28,23741,29289,20855,43482,27285,15630,17376,9508,9854,0
59,173925,130001,47553,31937.18,30440.74,15988.28,23741,29289,20855,43482,27285,15630,17376,9508,9854,0
60,183714,135250,48635,31937.18,30440.74,15988.28,23741,29289,20855,43482,27285,15630,17376,9508,9854,0
61,191539,140055,49471,31937.18,30440.74,15988.28,23741,29289,20855,43482,27285,15630,17376,9508,9854,0
62,197207,143579,50204,31937.18,30440.74,15988.28,23741,29289,20855,43482,27285,15630,17376,9508,9854,0
63,200432,145329,50399,31937.18,30440.74,15988.28,23741,29289,20855,43482,27285,15630,17376,9508,9854,0
64,202024,146066,50099,31937.18,30440.74,15988.28,23741,29289,20855,43482,27285,15630,17376,9508,9854,0
65,201292,145346,49381,31937.18,30440.74,15988.28,23741,29289,20855,43482,27285,15630,17376,9508,9854,0
66,199729,142153,48241,31937.18,30440.74,15988.28,23741,29289,20855,43482,27285,15630,17376,9508,9854,0
67,195171,137128,46897,31937.18,30440.74,15988.28,23741,29289,20855,43482,27285,15630,17376,9508,9854,0
68,190420,133189,46435,31937.18,30440.74,15988.28,23741,29289,20855,43482,27285,15630,17376,9508,9854,0
69,185263,129211,45959,31937.18,30440.74,15988.28,23741,29289,20855,43482,27285,15630,17376,9508,9854,0
70,178002,120124,43404,31937.18,30440.74,15988.28,23741,29289,20855,43482,27285,15630,17376,9508,9854,0
71,165026,109510,39803,31937.18,30440.74,15988.28,23741,29289,20855,43482,27285,15630,17376,9508,9854,0
72,150871,100279,36391,31937.18,30440.74,15988.28,23741,29289,20855,43482,27285,15630,17376,9508,9854,0
73,139752,93766,33839,31937.18,30440.74,15988.28,23741,29289,20855,43482,27285,15630,17376,9508,9854,0
74,131205,89452,32106,31937.18,30440.74,15988.28,23741,29289,20855,43482,27285,15630,17376,9508,9854,0
75,125747,86788,31239,31937.18,30440.74,15988.28,23741,29289,20855,43482,27285,15630,17376,9508,9854,0
76,123118,86447,31041,31937.18,30440.74,15988.28,23741,29289,20855,43482,27285,15630,17376,9508,9854,0
77,123885,89477,31975,31937.18,30440.74,15988.28,23741,29289,20855,43482,27285,15630,17376,9508,9854,0
78,128666,94915,34242,31937.18,30440.74,15988.28,23741,29289,20855,43482,27285,15630,17376,9508,9854,0
79,135816,101209,37717,31937.18,30440.74,15988.28,23741,29289,20855,43482,27285,15630,17376,9508,9854,0
80,143485,108097,41346,31937.18,30440.74,15988.28,23741,29289,20855,43482,27285,15630,17376,9508,9854,0
81,153661,115013,44338,31937.18,30440.74,15988.28,23741,29289,20855,43482,27285,15630,17376,9508,9854,0
82,165076,122073,46781,31937.18,30440.74,15988.28,23741,29289,20855,43482,27285,15630,17376,9508,9854,0
83,177814,128594,48668,31937.18,30440.74,15988.28,23741,29289,20855,43482,27285,15630,17376,9508,9854,0
84,191136,133317,49904,31937.18,30440.74,15988.28,23741,29289,20855,43482,27285,15630,17376,9508,9854,0
85,201411,137208,50876,31937.18,30440.74,15988.28,23741,29289,20855,43482,27285,15630,17376,9508,9854,0
86,210287,140379,51522,31937.18,30440.74,15988.28,23741,29289,20855,43482,27285,15630,17376,9508,9854,0
87,215683,142665,51681,31937.18,30440.74,15988.28,23741,29289,20855,43482,27285,15630,17376,9508,9854,0
88,217946,144095,51539,31937.18,30440.74,15988.28,23741,29289,20855,43482,27285,15630,17376,9508,9854,0
89,217932,143946,51399,31937.18,30440.74,15988.28,23741,29289,20855,43482,27285,15630,17376,9508,9854,0
90,214198,141171,50711,31937.18,30440.74,15988.28,23741,29289,20855,43482,27285,15630,17376,9508,9854,0
91,207774,136492,49672,31937.18,30440.74,15988.28,23741,29289,20855,43482,27285,15630,17376,9508,9854,0
92,200341,132441,48579,31937.18,30440.74,15988.28,23741,29289,20855,43482,27285,15630,17376,9508,9854,0
93,193596,128695,47667,31937.18,30440.74,15988.28,23741,29289,20855,43482,27285,15630,17376,9508,9854,0
94,185128,119555,45189,31937.18,30440.74,15988.28,23741,29289,20855,43482,27285,15630,17376,9508,9854,0
95,171005,108812,41301,31937.18,30440.74,15988.28,23741,29289,20855,43482,27285,15630,17376,9508,9854,0
96,156730,99547,37689,31937.18,30440.74,15988.28,23741,29289,20855,43482,27285,15630,17376,9508,9854,0
97,144727,92676,35118,31937.18,30440.74,15988.28,23741,29289,20855,43482,27285,15630,17376,9508,9854,0
98,136020,88430,33384,31937.18,30440.74,15988.28,23741,29289,20855,43482,27285,15630,17376,9508,9854,0
99,129765,85754,32342,31937.18,30440.74,15988.28,23741,29289,20855,43482,27285,15630,17376,9508,9854,0
100,126583,85407,32079,31937.18,30440.74,15988.28,23741,29289,20855,43482,27285,15630,17376,9508,9854,0
101,126893,88608,32907,31937.18,30440.74,15988.28,23741,29289,20855,43482,27285,15630,17376,9508,9854,0
102,130874,93856,35061,31937.18,30440.74,15988.28,23741,29289,20855,43482,27285,15630,17376,9508,9854,0
103,137659,100755,38639,31937.18,30440.74,15988.28,23741,29289,20855,43482,27285,15630,17376,9508,9854,0
104,145749,109062,42692,31937.18,30440.74,15988.28,23741,29289,20855,43482,27285,15630,17376,9508,9854,0
105,157617,117835,46304,31937.18,30440.74,15988.28,23741,29289,20855,43482,27285,15630,17376,9508,9854,0
106,171430,126549,49333,31937.18,30440.74,15988.28,23741,29289,20855,43482,27285,15630,17376,9508,9854,0
107,186191,134469,51836,31937.18,30440.74,15988.28,23741,29289,20855,43482,27285,15630,17376,9508,9854,0
108,199690,141261,53687,31937.18,30440.74,15988.28,23741,29289,20855,43482,27285,15630,17376,9508,9854,0
109,210360,147257,55012,31937.18,30440.74,15988.28,23741,29289,20855,43482,27285,15630,17376,9508,9854,0
110,217232,151644,56054,31937.18,30440.74,15988.28,23741,29289,20855,43482,27285,15630,17376,9508,9854,0
111,220245,154444,57378,31937.18,30440.74,15988.28,23741,29289,20855,43482,27285,15630,17376,9508,9854,0
112,220441,155323,57911,31937.18,30440.74,15988.28,23741,29289,20855,43482,27285,15630,17376,9508,9854,0
113,218733,154863,57875,31937.18,30440.74,15988.28,23741,29289,20855,43482,27285,15630,17376,9508,9854,0
114,214571,151890,57322,31937.18,30440.74,15988.28,23741,29289,20855,43482,27285,15630,17376,9508,9854,0
115,206857,146483,55852,31937.18,30440.74,15988.28,23741,29289,20855,43482,27285,15630,17376,9508,9854,0
116,199055,141833,54334,31937.18,30440.74,15988.28,23741,29289,20855,43482,27285,15630,17376,9508,9854,0
117,192060,137101,53142,31937.18,30440.74,15988.28,23741,29289,20855,43482,27285,15630,17376,9508,9854,0
118,183245,127454,50331,31937.18,30440.74,15988.28,23741,29289,20855,43482,27285,15630,17376,9508,9854,0
119,169584,116248,46016,31937.18,30440.74,15988.28,23741,29289,20855,43482,27285,15630,17376,9508,9854,0
120,155970,106457,41902,31937.18,30440.74,15988.28,23741,29289,20855,43482,27285,15630,17376,9508,9854,0
121,143515,98999,38825,31937.18,30440.74,15988.28,23741,29289,20855,43482,27285,15630,17376,9508,9854,0
122,134696,93921,36724,31937.18,30440.74,15988.28,23741,29289,20855,43482,27285,15630,17376,9508,9854,0
123,128738,90814,35403,31937.18,30440.74,15988.28,23741,29289,20855,43482,27285,15630,17376,9508,9854,0
124,125125,90038,34854,31937.18,30440.74,15988.28,23741,29289,20855,43482,27285,15630,17376,9508,9854,0
125,125466,92983,35488,31937.18,30440.74,15988.28,23741,29289,20855,43482,27285,15630,17376,9508,9854,0
126,129324,98035,37507,31937.18,30440.74,15988.28,23741,29289,20855,43482,27285,15630,17376,9508,9854,0
127,135871,104794,41089,31937.18,30440.74,15988.28,23741,29289,20855,43482,27285,15630,17376,9508,9854,0
128,143373,113601,45200,31937.18,30440.74,15988.28,23741,29289,20855,43482,27285,15630,17376,9508,9854,0
129,153784,122982,48986,31937.18,30440.74,15988.28,23741,29289,20855,43482,27285,15630,17376,9508,9854,0
130,166126,132430,52335,31937.18,30440.74,15988.28,23741,29289,20855,43482,27285,15630,17376,9508,9854,0
131,178035,140993,55287,31937.18,30440.74,15988.28,23741,29289,20855,43482,27285,15630,17376,9508,9854,0
132,188503,147922,57466,31937.18,30440.74,15988.28,23741,29289,20855,43482,27285,15630,17376,9508,9854,0
133,195797,153224,59036,31937.18,30440.74,15988.28,23741,29289,20855,43482,27285,15630,17376,9508,9854,0
134,201033,156283,60278,31937.18,30440.74,15988.28,23741,29289,20855,43482,27285,15630,17376,9508,9854,0
135,204040,157595,61001,31937.18,30440.74,15988.28,23741,29289,20855,43482,27285,15630,17376,9508,9854,0
136,205064,157770,61277,31937.18,30440.74,15988.28,23741,29289,20855,43482,27285,15630,17376,9508,9854,0
137,203226,156105,61028,31937.18,30440.74,15988.28,23741,29289,20855,43482,27285,15630,17376,9508,9854,0
138,198834,151565,59832,31937.18,30440.74,15988.28,23741,29289,20855,43482,27285,15630,17376,9508,9854,0
139,192243,145971,57944,31937.18,30440.74,15988.28,23741,29289,20855,43482,27285,15630,17376,9508,9854,0
140,185506,141606,56154,31937.18,30440.74,15988.28,23741,29289,20855,43482,27285,15630,17376,9508,9854,0
141,180207,137429,54824,31937.18,30440.74,15988.28,23741,29289,20855,43482,27285,15630,17376,9508,9854,0
142,173846,128615,52146,31937.18,30440.74,15988.28,23741,29289,20855,43482,27285,15630,17376,9508,9854,0
143,162238,118455,48083,31937.18,30440.74,15988.28,23741,29289,20855,43482,27285,15630,17376,9508,9854,0
144,149766,109002,44035,31937.18,30440.74,15988.28,23741,29289,20855,43482,27285,15630,17376,9508,9854,0
145,138691,101634,40730,31937.18,30440.74,15988.28,23741,29289,20855,43482,27285,15630,17376,9508,9854,0
146,130509,96556,38484,31937.18,30440.74,15988.28,23741,29289,20855,43482,27285,15630,17376,9508,9854,0
147,124762,92806,36894,31937.18,30440.74,15988.28,23741,29289,20855,43482,27285,15630,17376,9508,9854,0
148,120830,90936,35954,31937.18,30440.74,15988.28,23741,29289,20855,43482,27285,15630,17376,9508,9854,0
149,119297,90853,35645,31937.18,30440.74,15988.28,23741,29289,20855,43482,27285,15630,17376,9508,9854,0
150,119763,91537,35894,31937.18,30440.74,15988.28,23741,29289,20855,43482,27285,15630,17376,9508,9854,0
151,122338,95565,37752,31937.18,30440.74,15988.28,23741,29289,20855,43482,27285,15630,17376,9508,9854,0
152,128789,104668,41504,31937.18,30440.74,15988.28,23741,29289,20855,43482,27285,15630,17376,9508,9854,0
153,141294,114693,45897,31937.18,30440.74,15988.28,23741,29289,20855,43482,27285,15630,17376,9508,9854,0
154,155292,124745,49762,31937.18,30440.74,15988.28,23741,29289,20855,43482,27285,15630,17376,9508,9854,0
155,168473,132720,52826,31937.18,30440.74,15988.28,23741,29289,20855,43482,27285,15630,17376,9508,9854,0
156,180179,139057,54929,31937.18,30440.74,15988.28,23741,29289,20855,43482,27285,15630,17376,9508,9854,0
157,189214,143060,56152,31937.18,30440.74,15988.28,23741,29289,20855,43482,27285,15630,17376,9508,9854,0
158,195803,145482,56827,31937.18,30440.74,15988.28,23741,29289,20855,43482,27285,15630,17376,9508,9854,0
159,200391,147056,57189,31937.18,30440.74,15988.28,23741,29289,20855,43482,27285,15630,17376,9508,9854,0
160,201743,146565,57307,31937.18,30440.74,15988.28,23741,29289,20855,43482,27285,15630,17376,9508,9854,0
161,201596,143823,56906,31937.18,30440.74,15988.28,23741,29289,20855,43482,27285,15630,17376,9508,9854,0
162,198284,140335,56008,31937.18,30440.74,15988.28,23741,29289,20855,43482,27285,15630,17376,9508,9854,0
163,192242,135515,54527,31937.18,30440.74,15988.28,23741,29289,20855,43482,27285,15630,17376,9508,9854,0
164,185354,132333,53198,31937.18,30440.74,15988.28,23741,29289,20855,43482,27285,15630,17376,9508,9854,0
165,179903,129199,52269,31937.18,30440.74,15988.28,23741,29289,20855,43482,27285,15630,17376,9508,9854,0
166,173241,122250,50048,31937.18,30440.74,15988.28,23741,29289,20855,43482,27285,15630,17376,9508,9854,0
167,161931,113722,46806,31937.18,30440.74,15988.28,23741,29289,20855,43482,27285,15630,17376,9508,9854,0
168,150133,105599,43412,31937.18,30440.74,15988.28,23741,29289,20855,43482,27285,15630,17376,9508,9854,0
169,117795,77843,28518,31937.18,30440.74,15988.28,23741,29289,20855,43482,27285,15630,17376,9508,9854,0
170,110796,75101,27199,31937.18,30440.74,15988.28,23741,29289,20855,43482,27285,15630,17376,9508,9854,0
171,106417,73692,26496,31937.18,30440.74,15988.28,23741,29289,20855,43482,27285,15630,17376,9508,9854,0
172,104371,74057,26388,31937.18,30440.74,15988.28,23741,29289,20855,43482,27285,15630,17376,9508,9854,0
173,105967,78306,27309,31937.18,30440.74,15988.28,23741,29289,20855,43482,27285,15630,17376,9508,9854,0
174,112451,85763,29947,31937.18,30440.74,15988.28,23741,29289,20855,43482,27285,15630,17376,9508,9854,0
175,120889,93280,34102,31937.18,30440.74,15988.28,23741,29289,20855,43482,27285,15630,17376,9508,9854,0
176,127867,98545,37372,31937.18,30440.74,15988.28,23741,29289,20855,43482,27285,15630,17376,9508,9854,0
177,136006,103057,39337,31937.18,30440.74,15988.28,23741,29289,20855,43482,27285,15630,17376,9508,9854,0
178,145271,107499,40696,31937.18,30440.74,15988.28,23741,29289,20855,43482,27285,15630,17376,9508,9854,0
179,154745,111097,41642,31937.18,30440.74,15988.28,23741,29289,20855,43482,27285,15630,17376,9508,9854,0
180,164062,114280,42165,31937.18,30440.74,15988.28,23741,29289,20855,43482,27285,15630,17376,9508,9854,0
181,172725,117190,42506,31937.18,30440.74,15988.28,23741,29289,20855,43482,27285,15630,17376,9508,9854,0
182,179837,118758,42636,31937.18,30440.74,15988.28,23741,29289,20855,43482,27285,15630,17376,9508,9854,0
183,186452,119847,42548,31937.18,30440.74,15988.28,23741,29289,20855,43482,27285,15630,17376,9508,9854,0
184,191278,121156,42494,31937.18,30440.74,15988.28,23741,29289,20855,43482,27285,15630,17376,9508,9854,0
185,193452,121306,42458,31937.18,30440.74,15988.28,23741,29289,20855,43482,27285,15630,17376,9508,9854,0
186,191832,119117,41956,31937.18,30440.74,15988.28,23741,29289,20855,43482,27285,15630,17376,9508,9854,0
187,186155,116434,41320,31937.18,30440.74,15988.28,23741,29289,20855,43482,27285,15630,17376,9508,9854,0
188,179572,114985,40664,31937.18,30440.74,15988.28,23741,29289,20855,43482,27285,15630,17376,9508,9854,0
189,173207,113327,40111,31937.18,30440.74,15988.28,23741,29289,20855,43482,27285,15630,17376,9508,9854,0
190,164958,105911,37921,31937.18,30440.74,15988.28,23741,29289,20855,43482,27285,15630,17376,9508,9854,0
191,150941,96374,34212,31937.18,30440.74,15988.28,23741,29289,20855,43482,27285,15630,17376,9508,9854,0
192,136234,88318,30796,31937.18,30440.74,15988.28,23741,29289,20855,43482,27285,15630,17376,9508,9854,0
193,124059,82941,28581,31937.18,30440.74,15988.28,23741,29289,20855,43482,27285,15630,17376,9508,9854,0
194,115896,79517,27272,31937.18,30440.74,15988.28,23741,29289,20855,43482,27285,15630,17376,9508,9854,0
195,110648,77703,26565,31937.18,30440.74,15988.28,23741,29289,20855,43482,27285,15630,17376,9508,9854,0
196,107787,77784,26469,31937.18,30440.74,15988.28,23741,29289,20855,43482,27285,15630,17376,9508,9854,0
197,108582,81403,27309,31937.18,30440.74,15988.28,23741,29289,20855,43482,27285,15630,17376,9508,9854,0
198,114065,87835,29627,31937.18,30440.74,15988.28,23741,29289,20855,43482,27285,15630,17376,9508,9854,0
199,121748,95021,33426,31937.18,30440.74,15988.28,23741,29289,20855,43482,27285,15630,17376,9508,9854,0
200,130325,100801,36701,31937.18,30440.74,15988.28,23741,29289,20855,43482,27285,15630,17376,9508,9854,0
201,140613,105775,38748,31937.18,30440.74,15988.28,23741,29289,20855,43482,27285,15630,17376,9508,9854,0
202,152074,110776,40082,31937.18,30440.74,15988.28,23741,29289,20855,43482,27285,15630,17376,9508,9854,0
203,163873,115065,40910,31937.18,30440.74,15988.28,23741,29289,20855,43482,27285,15630,17376,9508,9854,0
204,174796,118846,41454,31937.18,30440.74,15988.28,23741,29289,20855,43482,27285,15630,17376,9508,9854,0
205,184568,122248,41892,31937.18,30440.74,15988.28,23741,29289,20855,43482,27285,15630,17376,9508,9854,0
206,192710,124281,42282,31937.18,30440.74,15988.28,23741,29289,20855,43482,27285,15630,17376,9508,9854,0
207,198353,125865,42289,31937.18,30440.74,15988.28,23741,29289,20855,43482,27285,15630,17376,9508,9854,0
208,201546,126937,42374,31937.18,30440.74,15988.28,23741,29289,20855,43482,27285,15630,17376,9508,9854,0
209,202246,126556,42409,31937.18,30440.74,15988.28,23741,29289,20855,43482,27285,15630,17376,9508,9854,0
210,199979,123524,41884,31937.18,30440.74,15988.28,23741,29289,20855,43482,27285,15630,17376,9508,9854,0
211,193118,118762,41183,31937.18,30440.74,15988.28,23741,29289,20855,43482,27285,15630,17376,9508,9854,0
212,184299,115389,40421,31937.18,30440.74,15988.28,23741,29289,20855,43482,27285,15630,17376,9508,9854,0
213,176268,113333,39997,31937.18,30440.74,15988.28,23741,29289,20855,43482,27285,15630,17376,9508,9854,0
214,167859,105681,38190,31937.18,30440.74,15988.28,23741,29289,20855,43482,27285,15630,17376,9508,9854,0
215,154066,96357,35039,31937.18,30440.74,15988.28,23741,29289,20855,43482,27285,15630,17376,9508,9854,0
216,139327,87954,31879,31937.18,30440.74,15988.28,23741,29289,20855,43482,27285,15630,17376,9508,9854,0
217,126861,81982,29593,31937.18,30440.74,15988.28,23741,29289,20855,43482,27285,15630,17376,9508,9854,0
218,117683,77900,28117,31937.18,30440.74,15988.28,23741,29289,20855,43482,27285,15630,17376,9508,9854,0
219,111326,75345,27210,31937.18,30440.74,15988.28,23741,29289,20855,43482,27285,15630,17376,9508,9854,0
220,107085,74052,26763,31937.18,30440.74,15988.28,23741,29289,20855,43482,27285,15630,17376,9508,9854,0
221,105349,74047,26698,31937.18,30440.74,15988.28,23741,29289,20855,43482,27285,15630,17376,9508,9854,0
222,105107,74764,27170,31937.18,30440.74,15988.28,23741,29289,20855,43482,27285,15630,17376,9508,9854,0
223,107168,79312,28999,31937.18,30440.74,15988.28,23741,29289,20855,43482,27285,15630,17376,9508,9854,0
224,114265,86730,31889,31937.18,30440.74,15988.28,23741,29289,20855,43482,27285,15630,17376,9508,9854,0
225,127006,94324,35003,31937.18,30440.74,15988.28,23741,29289,20855,43482,27285,15630,17376,9508,9854,0
226,141313,101328,37467,31937.18,30440.74,15988.28,23741,29289,20855,43482,27285,15630,17376,9508,9854,0
227,155174,107093,39160,31937.18,30440.74,15988.28,23741,29289,20855,43482,27285,15630,17376,9508,9854,0
228,167540,111660,40326,31937.18,30440.74,15988.28,23741,29289,20855,43482,27285,15630,17376,9508,9854,0
229,177367,115033,41044,31937.18,30440.74,15988.28,23741,29289,20855,43482,27285,15630,17376,9508,9854,0
230,183867,117441,41312,31937.18,30440.74,15988.28,23741,29289,20855,43482,27285,15630,17376,9508,9854,0
231,188435,118825,41218,31937.18,30440.74,15988.28,23741,29289,20855,43482,27285,15630,17376,9508,9854,0
232,192425,119587,41105,31937.18,30440.74,15988.28,23741,29289,20855,43482,27285,15630,17376,9508,9854,0
233,193790,119236,41244,31937.18,30440.74,15988.28,23741,29289,20855,43482,27285,15630,17376,9508,9854,0
234,191963,116948,41077,31937.18,30440.74,15988.28,23741,29289,20855,43482,27285,15630,17376,9508,9854,0
235,186800,113318,40594,31937.18,30440.74,15988.28,23741,29289,20855,43482,27285,15630,17376,9508,9854,0
236,179700,110371,39948,31937.18,30440.74,15988.28,23741,29289,20855,43482,27285,15630,17376,9508,9854,0
237,172615,108597,39618,31937.18,30440.74,15988.28,23741,29289,20855,43482,27285,15630,17376,9508,9854,0
238,164610,102498,38007,31937.18,30440.74,15988.28,23741,29289,20855,43482,27285,15630,17376,9508,9854,0
239,151496,94215,35054,31937.18,30440.74,15988.28,23741,29289,20855,43482,27285,15630,17376,9508,9854,0
240,137850,86750,32088,31937.18,30440.74,15988.28,23741,29289,20855,43482,27285,15630,17376,9508,9854,0
241,126123,81352,29731,31937.18,30440.74,15988.28,23741,29289,20855,43482,27285,15630,17376,9508,9854,0
242,117427,77344,28182,31937.18,30440.74,15988.28,23741,29289,20855,43482,27285,15630,17376,9508,9854,0
243,111138,74751,27144,31937.18,30440.74,15988.28,23741,29289,20855,43482,27285,15630,17376,9508,9854,0
244,107016,73405,26584,31937.18,30440.74,15988.28,23741,29289,20855,43482,27285,15630,17376,9508,9854,0
245,104971,73050,26237,31937.18,30440.74,15988.28,23741,29289,20855,43482,27285,15630,17376,9508,9854,0
246,103978,72707,26138,31937.18,30440.74,15988.28,23741,29289,20855,43482,27285,15630,17376,9508,9854,0
247,105664,76449,27244,31937.18,30440.74,15988.28,23741,29289,20855,43482,27285,15630,17376,9508,9854,0
248,113084,84232,29325,31937.18,30440.74,15988.28,23741,29289,20855,43482,27285,15630,17376,9508,9854,0
249,126422,92922,31852,31937.18,30440.74,15988.28,23741,29289,20855,43482,27285,15630,17376,9508,9854,0
250,139911,100958,34077,31937.18,30440.74,15988.28,23741,29289,20855,43482,27285,15630,17376,9508,9854,0
251,152063,108033,35698,31937.18,30440.74,15988.28,23741,29289,20855,43482,27285,15630,17376,9508,9854,0
252,162889,113771,36834,31937.18,30440.74,15988.28,23741,29289,20855,43482,27285,15630,17376,9508,9854,0
253,171707,117834,37608,31937.18,30440.74,15988.28,23741,29289,20855,43482,27285,15630,17376,9508,9854,0
254,178338,120448,38005,31937.18,30440.74,15988.28,23741,29289,20855,43482,27285,15630,17376,9508,9854,0
255,182588,122445,38294,31937.18,30440.74,15988.28,23741,29289,20855,43482,27285,15630,17376,9508,9854,0
256,184528,124140,38641,31937.18,30440.74,15988.28,23741,29289,20855,43482,27285,15630,17376,9508,9854,0
257,184225,124191,38949,31937.18,30440.74,15988.28,23741,29289,20855,43482,27285,15630,17376,9508,9854,0
258,181896,122283,38973,31937.18,30440.74,15988.28,23741,29289,20855,43482,27285,15630,17376,9508,9854,0
259,176708,118260,38482,31937.18,30440.74,15988.28,23741,29289,20855,43482,27285,15630,17376,9508,9854,0
260,170588,115124,37958,31937.18,30440.74,15988.28,23741,29289,20855,43482,27285,15630,17376,9508,9854,0
261,165331,112351,37935,31937.18,30440.74,15988.28,23741,29289,20855,43482,27285,15630,17376,9508,9854,0
262,159370,106421,36770,31937.18,30440.74,15988.28,23741,29289,20855,43482,27285,15630,17376,9508,9854,0
263,147794,98244,34247,31937.18,30440.74,15988.28,23741,29289,20855,43482,27285,15630,17376,9508,9854,0
264,135220,90514,31572,31937.18,30440.74,15988.28,23741,29289,20855,43482,27285,15630,17376,9508,9854,0
265,124655,84745,29513,31937.18,30440.74,15988.28,23741,29289,20855,43482,27285,15630,17376,9508,9854,0
266,117276,80586,28182,31937.18,30440.74,15988.28,23741,29289,20855,43482,27285,15630,17376,9508,9854,0
267,111926,77963,27273,31937.18,30440.74,15988.28,23741,29289,20855,43482,27285,15630,17376,9508,9854,0
268,108707,76720,26943,31937.18,30440.74,15988.28,23741,29289,20855,43482,27285,15630,17376,9508,9854,0
269,107528,76731,26901,31937.18,30440.74,15988.28,23741,29289,20855,43482,27285,15630,17376,9508,9854,0
270,108223,77176,27289,31937.18,30440.74,15988.28,23741,29289,20855,43482,27285,15630,17376,9508,9854,0
271,110443,81410,28896,31937.18,30440.74,15988.28,23741,29289,20855,43482,27285,15630,17376,9508,9854,0
272,116823,89446,31539,31937.18,30440.74,15988.28,23741,29289,20855,43482,27285,15630,17376,9508,9854,0
273,128765,99137,34581,31937.18,30440.74,15988.28,23741,29289,20855,43482,27285,15630,17376,9508,9854,0
274,143567,108621,37296,31937.18,30440.74,15988.28,23741,29289,20855,43482,27285,15630,17376,9508,9854,0
275,157196,116744,39487,31937.18,30440.74,15988.28,23741,29289,20855,43482,27285,15630,17376,9508,9854,0
276,167431,122745,41244,31937.18,30440.74,15988.28,23741,29289,20855,43482,27285,15630,17376,9508,9854,0
277,174099,127132,42612,31937.18,30440.74,15988.28,23741,29289,20855,43482,27285,15630,17376,9508,9854,0
278,179387,130431,43520,31937.18,30440.74,15988.28,23741,29289,20855,43482,27285,15630,17376,9508,9854,0
279,182457,133360,44211,31937.18,30440.74,15988.28,23741,29289,20855,43482,27285,15630,17376,9508,9854,0
280,184219,135679,44800,31937.18,30440.74,15988.28,23741,29289,20855,43482,27285,15630,17376,9508,9854,0
281,185026,136727,45361,31937.18,30440.74,15988.28,23741,29289,20855,43482,27285,15630,17376,9508,9854,0
282,183426,135172,45380,31937.18,30440.74,15988.28,23741,29289,20855,43482,27285,15630,17376,9508,9854,0
283,178615,132112,44707,31937.18,30440.74,15988.28,23741,29289,20855,43482,27285,15630,17376,9508,9854,0
284,173936,130072,44638,31937.18,30440.74,15988.28,23741,29289,20855,43482,27285,15630,17376,9508,9854,0
285,169361,128066,44749,31937.18,30440.74,15988.28,23741,29289,20855,43482,27285,15630,17376,9508,9854,0
286,162359,119483,42325,31937.18,30440.74,15988.28,23741,29289,20855,43482,27285,15630,17376,9508,9854,0
287,149615,108924,38392,31937.18,30440.74,15988.28,23741,29289,20855,43482,27285,15630,17376,9508,9854,0
288,135897,99870,34942,31937.18,30440.74,15988.28,23741,29289,20855,43482,27285,15630,17376,9508,9854,0
289,125095,93740,32649,31937.18,30440.74,15988.28,23741,29289,20855,43482,27285,15630,17376,9508,9854,0
290,117886,89747,31133,31937.18,30440.74,15988.28,23741,29289,20855,43482,27285,15630,17376,9508,9854,0
291,113290,86958,30264,31937.18,30440.74,15988.28,23741,29289,20855,43482,27285,15630,17376,9508,9854,0
292,111099,86592,30198,31937.18,30440.74,15988.28,23741,29289,20855,43482,27285,15630,17376,9508,9854,0
293,112814,89764,31081,31937.18,30440.74,15988.28,23741,29289,20855,43482,27285,15630,17376,9508,9854,0
294,119619,96975,33793,31937.18,30440.74,15988.28,23741,29289,20855,43482,27285,15630,17376,9508,9854,0
295,128588,106616,38377,31937.18,30440.74,15988.28,23741,29289,20855,43482,27285,15630,17376,9508,9854,0
296,137218,114200,42500,31937.18,30440.74,15988.28,23741,29289,20855,43482,27285,15630,17376,9508,9854,0
297,146506,120466,45510,31937.18,30440.74,15988.28,23741,29289,20855,43482,27285,15630,17376,9508,9854,0
298,156130,126287,48003,31937.18,30440.74,15988.28,23741,29289,20855,43482,27285,15630,17376,9508,9854,0
299,165001,131104,50005,31937.18,30440.74,15988.28,23741,29289,20855,43482,27285,15630,17376,9508,9854,0
300,172699,134973,51346,31937.18,30440.74,15988.28,23741,29289,20855,43482,27285,15630,17376,9508,9854,0
301,178634,137846,51725,31937.18,30440.74,15988.28,23741,29289,20855,43482,27285,15630,17376,9508,9854,0
302,182948,140052,51950,31937.18,30440.74,15988.28,23741,29289,20855,43482,27285,15630,17376,9508,9854,0
303,185646,141743,51835,31937.18,30440.74,15988.28,23741,29289,20855,43482,27285,15630,17376,9508,9854,0
304,187184,142399,52008,31937.18,30440.74,15988.28,23741,29289,20855,43482,27285,15630,17376,9508,9854,0
305,187901,140841,51482,31937.18,30440.74,15988.28,23741,29289,20855,43482,27285,15630,17376,9508,9854,0
306,185080,136484,50688,31937.18,30440.74,15988.28,23741,29289,20855,43482,27285,15630,17376,9508,9854,0
307,180587,130994,49258,31937.18,30440.74,15988.28,23741,29289,20855,43482,27285,15630,17376,9508,9854,0
308,176434,126353,48357,31937.18,30440.74,15988.28,23741,29289,20855,43482,27285,15630,17376,9508,9854,0
309,172045,121202,46994,31937.18,30440.74,15988.28,23741,29289,20855,43482,27285,15630,17376,9508,9854,0
310,164028,111352,43630,31937.18,30440.74,15988.28,23741,29289,20855,43482,27285,15630,17376,9508,9854,0
311,150967,100509,39332,31937.18,30440.74,15988.28,23741,29289,20855,43482,27285,15630,17376,9508,9854,0
312,137193,92207,35602,31937.18,30440.74,15988.28,23741,29289,20855,43482,27285,15630,17376,9508,9854,0
313,126158,86215,33023,31937.18,30440.74,15988.28,23741,29289,20855,43482,27285,15630,17376,9508,9854,0
314,118469,82480,31289,31937.18,30440.74,15988.28,23741,29289,20855,43482,27285,15630,17376,9508,9854,0
315,113794,80473,30435,31937.18,30440.74,15988.28,23741,29289,20855,43482,27285,15630,17376,9508,9854,0
316,111356,80549,30268,31937.18,30440.74,15988.28,23741,29289,20855,43482,27285,15630,17376,9508,9854,0
317,112474,84085,31142,31937.18,30440.74,15988.28,23741,29289,20855,43482,27285,15630,17376,9508,9854,0
318,118676,90830,33659,31937.18,30440.74,15988.28,23741,29289,20855,43482,27285,15630,17376,9508,9854,0
319,126117,97835,37632,31937.18,30440.74,15988.28,23741,29289,20855,43482,27285,15630,17376,9508,9854,0
320,133364,102621,40796,31937.18,30440.74,15988.28,23741,29289,20855,43482,27285,15630,17376,9508,9854,0
321,142267,106258,42615,31937.18,30440.74,15988.28,23741,29289,20855,43482,27285,15630,17376,9508,9854,0
322,152253,110128,43853,31937.18,30440.74,15988.28,23741,29289,20855,43482,27285,15630,17376,9508,9854,0
323,162707,112919,44696,31937.18,30440.74,15988.28,23741,29289,20855,43482,27285,15630,17376,9508,9854,0
324,172768,114923,45241,31937.18,30440.74,15988.28,23741,29289,20855,43482,27285,15630,17376,9508,9854,0
325,181474,117106,45599,31937.18,30440.74,15988.28,23741,29289,20855,43482,27285,15630,17376,9508,9854,0
326,189471,118525,45777,31937.18,30440.74,15988.28,23741,29289,20855,43482,27285,15630,17376,9508,9854,0
327,195067,119749,45702,31937.18,30440.74,15988.28,23741,29289,20855,43482,27285,15630,17376,9508,9854,0
328,198899,120921,45876,31937.18,30440.74,15988.28,23741,29289,20855,43482,27285,15630,17376,9508,9854,0
329,199874,120654,45958,31937.18,30440.74,15988.28,23741,29289,20855,43482,27285,15630,17376,9508,9854,0
330,197885,118109,45291,31937.18,30440.74,15988.28,23741,29289,20855,43482,27285,15630,17376,9508,9854,0
331,192199,114216,44311,31937.18,30440.74,15988.28,23741,29289,20855,43482,27285,15630,17376,9508,9854,0
332,184471,111278,43507,31937.18,30440.74,15988.28,23741,29289,20855,43482,27285,15630,17376,9508,9854,0
333,176604,109313,43054,31937.18,30440.74,15988.28,23741,29289,20855,43482,27285,15630,17376,9508,9854,0
334,166781,101476,40560,31937.18,30440.74,15988.28,23741,29289,20855,43482,27285,15630,17376,9508,9854,0
335,152031,91657,36630,31937.18,30440.74,15988.28,23741,29289,20855,43482,27285,15630,17376,9508,9854,0
336,137306,83860,33094,31937.18,30440.74,15988.28,23741,29289,20855,43482,27285,15630,17376,9508,9854,0
337,115209,83159,29051,31937.18,30440.74,15988.28,23741,29289,20855,43482,27285,15630,17376,9508,9854,0
338,109724,79989,27510,31937.18,30440.74,15988.28,23741,29289,20855,43482,27285,15630,17376,9508,9854,0
339,106838,78487,26733,31937.18,30440.74,15988.28,23741,29289,20855,43482,27285,15630,17376,9508,9854,0
340,105769,78287,26579,31937.18,30440.74,15988.28,23741,29289,20855,43482,27285,15630,17376,9508,9854,0
341,106842,80165,27162,31937.18,30440.74,15988.28,23741,29289,20855,43482,27285,15630,17376,9508,9854,0
342,112810,86047,29622,31937.18,30440.74,15988.28,23741,29289,20855,43482,27285,15630,17376,9508,9854,0
343,125788,96536,34239,31937.18,30440.74,15988.28,23741,29289,20855,43482,27285,15630,17376,9508,9854,0
344,135580,103492,37290,31937.18,30440.74,15988.28,23741,29289,20855,43482,27285,15630,17376,9508,9854,0
345,139538,103942,38107,31937.18,30440.74,15988.28,23741,29289,20855,43482,27285,15630,17376,9508,9854,0
346,141665,103689,38480,31937.18,30440.74,15988.28,23741,29289,20855,43482,27285,15630,17376,9508,9854,0
347,143986,103842,38697,31937.18,30440.74,15988.28,23741,29289,20855,43482,27285,15630,17376,9508,9854,0
348,144818,103659,38704,31937.18,30440.74,15988.28,23741,29289,20855,43482,27285,15630,17376,9508,9854,0
349,144821,103276,38651,31937.18,30440.74,15988.28,23741,29289,20855,43482,27285,15630,17376,9508,9854,0
350,144690,102911,38690,31937.18,30440.74,15988.28,23741,29289,20855,43482,27285,15630,17376,9508,9854,0
351,143444,102373,38598,31937.18,30440.74,15988.28,23741,29289,20855,43482,27285,15630,17376,9508,9854,0
352,142459,102723,39184,31937.18,30440.74,15988.28,23741,29289,20855,43482,27285,15630,17376,9508,9854,0
353,143917,106481,42147,31937.18,30440.74,15988.28,23741,29289,20855,43482,27285,15630,17376,9508,9854,0
354,151752,114986,45164,31937.18,30440.74,15988.28,23741,29289,20855,43482,27285,15630,17376,9508,9854,0
355,160514,117309,45071,31937.18,30440.74,15988.28,23741,29289,20855,43482,27285,15630,17376,9508,9854,0
356,162411,116780,44398,31937.18,30440.74,15988.28,23741,29289,20855,43482,27285,15630,17376,9508,9854,0
357,160120,114994,43093,31937.18,30440.74,15988.28,23741,29289,20855,43482,27285,15630,17376,9508,9854,0
358,154889,111210,40578,31937.18,30440.74,15988.28,23741,29289,20855,43482,27285,15630,17376,9508,9854,0
359,145699,104072,36917,31937.18,30440.74,15988.28,23741,29289,20855,43482,27285,15630,17376,9508,9854,0
360,134824,96496,33298,31937.18,30440.74,15988.28,23741,29289,20855,43482,27285,15630,17376,9508,9854,0
361,126381,90856,30777,31937.18,30440.74,15988.28,23741,29289,20855,43482,27285,15630,17376,9508,9854,0
362,121362,87988,29401,31937.18,30440.74,15988.28,23741,29289,20855,43482,27285,15630,17376,9508,9854,0
363,118737,86763,28777,31937.18,30440.74,15988.28,23741,29289,20855,43482,27285,15630,17376,9508,9854,0
364,118073,86777,28678,31937.18,30440.74,15988.28,23741,29289,20855,43482,27285,15630,17376,9508,9854,0
365,119365,88966,29423,31937.18,30440.74,15988.28,23741,29289,20855,43482,27285,15630,17376,9508,9854,0
366,125587,95097,31926,31937.18,30440.74,15988.28,23741,29289,20855,43482,27285,15630,17376,9508,9854,0
367,138581,105752,36605,31937.18,30440.74,15988.28,23741,29289,20855,43482,27285,15630,17376,9508,9854,0
368,147971,111941,39385,31937.18,30440.74,15988.28,23741,29289,20855,43482,27285,15630,17376,9508,9854,0
369,150577,111459,39870,31937.18,30440.74,15988.28,23741,29289,20855,43482,27285,15630,17376,9508,9854,0
370,150551,109667,40013,31937.18,30440.74,15988.28,23741,29289,20855,43482,27285,15630,17376,9508,9854,0
371,150114,107930,39917,31937.18,30440.74,15988.28,23741,29289,20855,43482,27285,15630,17376,9508,9854,0
372,149627,106048,39714,31937.18,30440.74,15988.28,23741,29289,20855,43482,27285,15630,17376,9508,9854,0
373,148465,104250,39464,31937.18,30440.74,15988.28,23741,29289,20855,43482,27285,15630,17376,9508,9854,0
374,147291,102057,39380,31937.18,30440.74,15988.28,23741,29289,20855,43482,27285,15630,17376,9508,9854,0
375,145550,102357,39222,31937.18,30440.74,15988.28,23741,29289,20855,43482,27285,15630,17376,9508,9854,0
376,144985,102794,39802,31937.18,30440.74,15988.28,23741,29289,20855,43482,27285,15630,17376,9508,9854,0
377,146805,107143,43100,31937.18,30440.74,15988.28,23741,29289,20855,43482,27285,15630,17376,9508,9854,0
378,154201,116208,46295,31937.18,30440.74,15988.28,23741,29289,20855,43482,27285,15630,17376,9508,9854,0
379,162392,118962,46340,31937.18,30440.74,15988.28,23741,29289,20855,43482,27285,15630,17376,9508,9854,0
380,163734,118040,45217,31937.18,30440.74,15988.28,23741,29289,20855,43482,27285,15630,17376,9508,9854,0
381,161276,116641,43472,31937.18,30440.74,15988.28,23741,29289,20855,43482,27285,15630,17376,9508,9854,0
382,156548,112614,41058,31937.18,30440.74,15988.28,23741,29289,20855,43482,27285,15630,17376,9508,9854,0
383,148273,105958,37482,31937.18,30440.74,15988.28,23741,29289,20855,43482,27285,15630,17376,9508,9854,0
384,138039,98314,33824,31937.18,30440.74,15988.28,23741,29289,20855,43482,27285,15630,17376,9508,9854,0
385,129961,92837,31333,31937.18,30440.74,15988.28,23741,29289,20855,43482,27285,15630,17376,9508,9854,0
386,124912,90099,29944,31937.18,30440.74,15988.28,23741,29289,20855,43482,27285,15630,17376,9508,9854,0
387,122492,88931,29281,31937.18,30440.74,15988.28,23741,29289,20855,43482,27285,15630,17376,9508,9854,0
388,122242,89069,29185,31937.18,30440.74,15988.28,23741,29289,20855,43482,27285,15630,17376,9508,9854,0
389,124294,91525,29885,31937.18,30440.74,15988.28,23741,29289,20855,43482,27285,15630,17376,9508,9854,0
390,131357,97761,32402,31937.18,30440.74,15988.28,23741,29289,20855,43482,27285,15630,17376,9508,9854,0
391,144838,108515,37069,31937.18,30440.74,15988.28,23741,29289,20855,43482,27285,15630,17376,9508,9854,0
392,154329,115114,39776,31937.18,30440.74,15988.28,23741,29289,20855,43482,27285,15630,17376,9508,9854,0
393,156525,114101,40302,31937.18,30440.74,15988.28,23741,29289,20855,43482,27285,15630,17376,9508,9854,0
394,154493,111123,40023,31937.18,30440.74,15988.28,23741,29289,20855,43482,27285,15630,17376,9508,9854,0
395,150808,108355,39765,31937.18,30440.74,15988.28,23741,29289,20855,43482,27285,15630,17376,9508,9854,0
396,147164,105289,39476,31937.18,30440.74,15988.28,23741,29289,20855,43482,27285,15630,17376,9508,9854,0
397,142650,102900,39042,31937.18,30440.74,15988.28,23741,29289,20855,43482,27285,15630,17376,9508,9854,0
398,138603,101271,38914,31937.18,30440.74,15988.28,23741,29289,20855,43482,27285,15630,17376,9508,9854,0
399,135614,99766,38641,31937.18,30440.74,15988.28,23741,29289,20855,43482,27285,15630,17376,9508,9854,0
400,133955,99449,39084,31937.18,30440.74,15988.28,23741,29289,20855,43482,27285,15630,17376,9508,9854,0
401,135393,103635,42232,31937.18,30440.74,15988.28,23741,29289,20855,43482,27285,15630,17376,9508,9854,0
402,143894,114135,45842,31937.18,30440.74,15988.28,23741,29289,20855,43482,27285,15630,17376,9508,9854,0
403,153306,117569,45920,31937.18,30440.74,15988.28,23741,29289,20855,43482,27285,15630,17376,9508,9854,0
404,156705,117507,44906,31937.18,30440.74,15988.28,23741,29289,20855,43482,27285,15630,17376,9508,9854,0
405,156431,116507,43327,31937.18,30440.74,15988.28,23741,29289,20855,43482,27285,15630,17376,9508,9854,0
406,153215,113167,40984,31937.18,30440.74,15988.28,23741,29289,20855,43482,27285,15630,17376,9508,9854,0
407,146148,106737,37410,31937.18,30440.74,15988.28,23741,29289,20855,43482,27285,15630,17376,9508,9854,0
408,137407,99374,33850,31937.18,30440.74,15988.28,23741,29289,20855,43482,27285,15630,17376,9508,9854,0
409,129948,94261,31355,31937.18,30440.74,15988.28,23741,29289,20855,43482,27285,15630,17376,9508,9854,0
410,125888,91787,30043,31937.18,30440.74,15988.28,23741,29289,20855,43482,27285,15630,17376,9508,9854,0
411,125030,90927,29361,31937.18,30440.74,15988.28,23741,29289,20855,43482,27285,15630,17376,9508,9854,0
412,125428,91394,29193,31937.18,30440.74,15988.28,23741,29289,20855,43482,27285,15630,17376,9508,9854,0
413,128120,93748,29902,31937.18,30440.74,15988.28,23741,29289,20855,43482,27285,15630,17376,9508,9854,0
414,135480,99966,32302,31937.18,30440.74,15988.28,23741,29289,20855,43482,27285,15630,17376,9508,9854,0
415,148869,110560,36882,31937.18,30440.74,15988.28,23741,29289,20855,43482,27285,15630,17376,9508,9854,0
416,158129,116411,39607,31937.18,30440.74,15988.28,23741,29289,20855,43482,27285,15630,17376,9508,9854,0
417,159535,115020,40110,31937.18,30440.74,15988.28,23741,29289,20855,43482,27285,15630,17376,9508,9854,0
418,154822,111329,40030,31937.18,30440.74,15988.28,23741,29289,20855,43482,27285,15630,17376,9508,9854,0
419,148620,107492,39814,31937.18,30440.74,15988.28,23741,29289,20855,43482,27285,15630,17376,9508,9854,0
420,142830,103979,39436,31937.18,30440.74,15988.28,23741,29289,20855,43482,27285,15630,17376,9508,9854,0
421,137806,100951,38906,31937.18,30440.74,15988.28,23741,29289,20855,43482,27285,15630,17376,9508,9854,0
422,133542,98722,38557,31937.18,30440.74,15988.28,23741,29289,20855,43482,27285,15630,17376,9508,9854,0
423,130833,97299,38286,31937.18,30440.74,15988.28,23741,29289,20855,43482,27285,15630,17376,9508,9854,0
424,129184,96713,38665,31937.18,30440.74,15988.28,23741,29289,20855,43482,27285,15630,17376,9508,9854,0
425,129913,100191,41656,31937.18,30440.74,15988.28,23741,29289,20855,43482,27285,15630,17376,9508,9854,0
426,137508,109836,44570,31937.18,30440.74,15988.28,23741,29289,20855,43482,27285,15630,17376,9508,9854,0
427,145821,111910,44257,31937.18,30440.74,15988.28,23741,29289,20855,43482,27285,15630,17376,9508,9854,0
428,147364,110938,42954,31937.18,30440.74,15988.28,23741,29289,20855,43482,27285,15630,17376,9508,9854,0
429,146113,109537,41318,31937.18,30440.74,15988.28,23741,29289,20855,43482,27285,15630,17376,9508,9854,0
430,143365,106993,39471,31937.18,30440.74,15988.28,23741,29289,20855,43482,27285,15630,17376,9508,9854,0
431,138331,102149,36678,31937.18,30440.74,15988.28,23741,29289,20855,43482,27285,15630,17376,9508,9854,0
432,130734,95321,33403,31937.18,30440.74,15988.28,23741,29289,20855,43482,27285,15630,17376,9508,9854,0
433,123062,90019,30866,31937.18,30440.74,15988.28,23741,29289,20855,43482,27285,15630,17376,9508,9854,0
434,118118,86673,29264,31937.18,30440.74,15988.28,23741,29289,20855,43482,27285,15630,17376,9508,9854,0
435,114805,85012,28425,31937.18,30440.74,15988.28,23741,29289,20855,43482,27285,15630,17376,9508,9854,0
436,113388,84363,28097,31937.18,30440.74,15988.28,23741,29289,20855,43482,27285,15630,17376,9508,9854,0
437,113144,84764,28311,31937.18,30440.74,15988.28,23741,29289,20855,43482,27285,15630,17376,9508,9854,0
438,115198,87295,29335,31937.18,30440.74,15988.28,23741,29289,20855,43482,27285,15630,17376,9508,9854,0
439,119726,91360,31290,31937.18,30440.74,15988.28,23741,29289,20855,43482,27285,15630,17376,9508,9854,0
440,125196,96077,33356,31937.18,30440.74,15988.28,23741,29289,20855,43482,27285,15630,17376,9508,9854,0
441,131563,99486,35485,31937.18,30440.74,15988.28,23741,29289,20855,43482,27285,15630,17376,9508,9854,0
442,134961,100741,36682,31937.18,30440.74,15988.28,23741,29289,20855,43482,27285,15630,17376,9508,9854,0
443,136030,99729,36999,31937.18,30440.74,15988.28,23741,29289,20855,43482,27285,15630,17376,9508,9854,0
444,133991,97500,36791,31937.18,30440.74,15988.28,23741,29289,20855,43482,27285,15630,17376,9508,9854,0
445,130557,94705,36264,31937.18,30440.74,15988.28,23741,29289,20855,43482,27285,15630,17376,9508,9854,0
446,127181,92828,35655,31937.18,30440.74,15988.28,23741,29289,20855,43482,27285,15630,17376,9508,9854,0
447,124673,91435,35397,31937.18,30440.74,15988.28,23741,29289,20855,43482,27285,15630,17376,9508,9854,0
448,123618,91443,35919,31937.18,30440.74,15988.28,23741,29289,20855,43482,27285,15630,17376,9508,9854,0
449,124426,95724,39325,31937.18,30440.74,15988.28,23741,29289,20855,43482,27285,15630,17376,9508,9854,0
450,130290,103318,42354,31937.18,30440.74,15988.28,23741,29289,20855,43482,27285,15630,17376,9508,9854,0
451,136290,104264,42352,31937.18,30440.74,15988.28,23741,29289,20855,43482,27285,15630,17376,9508,9854,0
452,136187,102420,41266,31937.18,30440.74,15988.28,23741,29289,20855,43482,27285,15630,17376,9508,9854,0
453,133366,100321,39877,31937.18,30440.74,15988.28,23741,29289,20855,43482,27285,15630,17376,9508,9854,0
454,129238,97418,38252,31937.18,30440.74,15988.28,23741,29289,20855,43482,27285,15630,17376,9508,9854,0
455,123680,92594,35905,31937.18,30440.74,15988.28,23741,29289,20855,43482,27285,15630,17376,9508,9854,0
456,115820,86380,33097,31937.18,30440.74,15988.28,23741,29289,20855,43482,27285,15630,17376,9508,9854,0
457,108316,80731,30706,31937.18,30440.74,15988.28,23741,29289,20855,43482,27285,15630,17376,9508,9854,0
458,102422,76939,29088,31937.18,30440.74,15988.28,23741,29289,20855,43482,27285,15630,17376,9508,9854,0
459,98931,74862,28153,31937.18,30440.74,15988.28,23741,29289,20855,43482,27285,15630,17376,9508,9854,0
460,96731,73757,27650,31937.18,30440.74,15988.28,23741,29289,20855,43482,27285,15630,17376,9508,9854,0
461,96269,73568,27655,31937.18,30440.74,15988.28,23741,29289,20855,43482,27285,15630,17376,9508,9854,0
462,97421,74782,28216,31937.18,30440.74,15988.28,23741,29289,20855,43482,27285,15630,17376,9508,9854,0
463,100540,77233,29556,31937.18,30440.74,15988.28,23741,29289,20855,43482,27285,15630,17376,9508,9854,0
464,105461,80954,31283,31937.18,30440.74,15988.28,23741,29289,20855,43482,27285,15630,17376,9508,9854,0
465,112191,84496,33657,31937.18,30440.74,15988.28,23741,29289,20855,43482,27285,15630,17376,9508,9854,0
466,118214,87460,35788,31937.18,30440.74,15988.28,23741,29289,20855,43482,27285,15630,17376,9508,9854,0
467,121626,88507,36979,31937.18,30440.74,15988.28,23741,29289,20855,43482,27285,15630,17376,9508,9854,0
468,122431,88818,37681,31937.18,30440.74,15988.28,23741,29289,20855,43482,27285,15630,17376,9508,9854,0
469,123766,89244,38201,31937.18,30440.74,15988.28,23741,29289,20855,43482,27285,15630,17376,9508,9854,0
470,124005,89389,38394,31937.18,30440.74,15988.28,23741,29289,20855,43482,27285,15630,17376,9508,9854,0
471,124205,89250,38494,31937.18,30440.74,15988.28,23741,29289,20855,43482,27285,15630,17376,9508,9854,0
472,123918,90100,39186,31937.18,30440.74,15988.28,23741,29289,20855,43482,27285,15630,17376,9508,9854,0
473,125567,94580,41993,31937.18,30440.74,15988.28,23741,29289,20855,43482,27285,15630,17376,9508,9854,0
474,131777,101405,44023,31937.18,30440.74,15988.28,23741,29289,20855,43482,27285,15630,17376,9508,9854,0
475,138122,102936,44027,31937.18,30440.74,15988.28,23741,29289,20855,43482,27285,15630,17376,9508,9854,0
476,137919,101681,42805,31937.18,30440.74,15988.28,23741,29289,20855,43482,27285,15630,17376,9508,9854,0
477,135275,99976,41118,31937.18,30440.74,15988.28,23741,29289,20855,43482,27285,15630,17376,9508,9854,0
478,130239,96483,38966,31937.18,30440.74,15988.28,23741,29289,20855,43482,27285,15630,17376,9508,9854,0
479,122126,90346,35797,31937.18,30440.74,15988.28,23741,29289,20855,43482,27285,15630,17376,9508,9854,0
480,112558,83788,32505,31937.18,30440.74,15988.28,23741,29289,20855,43482,27285,15630,17376,9508,9854,0
481,104170,78464,30075,31937.18,30440.74,15988.28,23741,29289,20855,43482,27285,15630,17376,9508,9854,0
482,99019,75530,28650,31937.18,30440.74,15988.28,23741,29289,20855,43482,27285,15630,17376,9508,9854,0
483,95883,74072,27922,31937.18,30440.74,15988.28,23741,29289,20855,43482,27285,15630,17376,9508,9854,0
484,94810,74290,27786,31937.18,30440.74,15988.28,23741,29289,20855,43482,27285,15630,17376,9508,9854,0
485,96056,76306,28437,31937.18,30440.74,15988.28,23741,29289,20855,43482,27285,15630,17376,9508,9854,0
486,101598,82031,30732,31937.18,30440.74,15988.28,23741,29289,20855,43482,27285,15630,17376,9508,9854,0
487,113983,92530,35216,31937.18,30440.74,15988.28,23741,29289,20855,43482,27285,15630,17376,9508,9854,0
488,123395,100007,38544,31937.18,30440.74,15988.28,23741,29289,20855,43482,27285,15630,17376,9508,9854,0
489,126542,101488,39709,31937.18,30440.74,15988.28,23741,29289,20855,43482,27285,15630,17376,9508,9854,0
490,129175,101778,40390,31937.18,30440.74,15988.28,23741,29289,20855,43482,27285,15630,17376,9508,9854,0
491,132042,102353,40949,31937.18,30440.74,15988.28,23741,29289,20855,43482,27285,15630,17376,9508,9854,0
492,134114,102221,41138,31937.18,30440.74,15988.28,23741,29289,20855,43482,27285,15630,17376,9508,9854,0
493,135019,101791,41091,31937.18,30440.74,15988.28,23741,29289,20855,43482,27285,15630,17376,9508,9854,0
494,135664,101568,41132,31937.18,30440.74,15988.28,23741,29289,20855,43482,27285,15630,17376,9508,9854,0
495,135339,101046,40941,31937.18,30440.74,15988.28,23741,29289,20855,43482,27285,15630,17376,9508,9854,0
496,134819,101433,41366,31937.18,30440.74,15988.28,23741,29289,20855,43482,27285,15630,17376,9508,9854,0
497,135675,105188,44081,31937.18,30440.74,15988.28,23741,29289,20855,43482,27285,15630,17376,9508,9854,0
498,141135,111675,46139,31937.18,30440.74,15988.28,23741,29289,20855,43482,27285,15630,17376,9508,9854,0
499,148165,112629,45758,31937.18,30440.74,15988.28,23741,29289,20855,43482,27285,15630,17376,9508,9854,0
500,149027,111369,44943,31937.18,30440.74,15988.28,23741,29289,20855,43482,27285,15630,17376,9508,9854,0
501,145844,109072,43390,31937.18,30440.74,15988.28,23741,29289,20855,43482,27285,15630,17376,9508,9854,0
502,139933,104479,40691,31937.18,30440.74,15988.28,23741,29289,20855,43482,27285,15630,17376,9508,9854,0
503,130958,97262,36985,31937.18,30440.74,15988.28,23741,29289,20855,43482,27285,15630,17376,9508,9854,0
504,119855,89179,33184,31937.18,30440.74,15988.28,23741,29289,20855,43482,27285,15630,17376,9508,9854,0