BalanceComponent,Generation,Storage_Discharge,Storage_Charge,Flexible_Demand_Defer,Flexible_Demand_Stasify,Demand_Response,Nonserved_Energy,Transmission_NetExport,Transmission_Losses,Demand,Generation,Storage_Discharge,Storage_Charge,Flexible_Demand_Defer,Flexible_Demand_Stasify,Demand_Response,Nonserved_Energy,Transmission_NetExport,Transmission_Losses,Demand,Generation,Storage_Discharge,Storage_Charge,Flexible_Demand_Defer,Flexible_Demand_Stasify,Demand_Response,Nonserved_Energy,Transmission_NetExport,Transmission_Losses,Demand
Zone,1,1,1,1,1,1,1,1,1,1,2,2,2,2,2,2,2,2,2,2,3,3,3,3,3,3,3,3,3,3
AnnualSum,5.280408565658952e7,1.2315208409762695e7,-1.455010445387842e7,0.0,0.0,16625.456000000002,0.0,3.129312893152622e7,0.0,-8.1878944e7,4.905334132017094e7,7.215221993583067e6,-8.52460065404427e6,0.0,0.0,4730.040000000001,0.0,-2.4364451699709754e7,0.0,-2.3384241e7,1.8240630669799276e7,835269.1841658262,-986849.2251486604,0.0,0.0,2223.603,0.0,-6.928677231816462e6,0.0,-1.1162597e7
t1,0.0,0.0,-0.0,0.0,0.0,0.0,0.0,7707.0,-0.0,-7707.0,5908.0,0.0,-0.0,0.0,0.0,0.0,0.0,-3707.0,-0.0,-2201.0,5050.0,0.0,-0.0,0.0,0.0,0.0,0.0,-4000.0,-0.0,-1050.0
t2,0.0,0.0,-0.0,0.0,0.0,0.0,0.0,7341.0,-0.0,-7341.0,5438.0,0.0,-0.0,0.0,0.0,0.0,0.0,-3341.0,-0.0,-2097.0,5000.0,0.0,-0.0,0.0,0.0,0.0,0.0,-4000.0,-0.0,-1000.0
t3,0.0,0.0,-0.0,0.0,0.0,0.0,0.0,7162.0,-0.0,-7162.0,5207.0,0.0,-0.0,0.0,0.0,0.0,0.0,-3162.0,-0.0,-2045.0,4976.0,0.0,-0.0,0.0,0.0,0.0,0.0,-4000.0,-0.0,-976.0
t4,0.0,0.0,-0.0,0.0,0.0,0.0,0.0,7116.0,-0.0,-7116.0,5148.0,0.0,-0.0,0.0,0.0,0.0,0.0,-3116.0,-0.0,-2032.0,4970.0,0.0,-0.0,0.0,0.0,0.0,0.0,-4000.0,-0.0,-970.0
t5,0.0,60.98042797760718,-0.0,0.0,0.0,0.0,0.0,7258.019572022393,-0.0,-7319.0,5348.019572022393,0.0,-0.0,0.0,0.0,0.0,0.0,-3258.019572022393,-0.0,-2090.0,4998.0,0.0,-0.0,0.0,0.0,0.0,0.0,-4000.0,-0.0,-998.0
t6,0.0,2062.4270290826316,-0.0,0.0,0.0,0.0,0.0,5931.572970917368,-0.0,-7994.0,4214.572970917368,0.0,-0.0,0.0,0.0,0.0,0.0,-1931.5729709173684,-0.0,-2283.0,5090.0,0.0,-0.0,0.0,0.0,0.0,0.0,-4000.0,-0.0,-1090.0
t7,0.0,0.0,-0.0,0.0,0.0,0.0,0.0,9337.0,-0.0,-9337.0,4436.59407708323,3566.4059229167697,-0.0,0.0,0.0,0.0,0.0,-5337.0,-0.0,-2666.0,5273.0,0.0,-0.0,0.0,0.0,0.0,0.0,-4000.0,-0.0,-1273.0
t8,0.0,3892.4750548421916,-0.0,0.0,0.0,0.0,0.0,6185.524945157808,-0.0,-10078.0,5063.524945157808,0.0,-0.0,0.0,0.0,0.0,0.0,-2185.5249451578084,-0.0,-2878.0,5374.0,0.0,-0.0,0.0,0.0,0.0,0.0,-4000.0,-0.0,-1374.0
t9,3861.9744031946625,0.0,-0.0,0.0,0.0,0.0,0.0,6291.025596805337,-0.0,-10153.0,7680.422879440579,0.0,-0.0,0.0,0.0,0.0,0.0,-4780.422879440579,-0.0,-2900.0,2894.602717364758,0.0,-0.0,0.0,0.0,0.0,0.0,-1510.602717364758,-0.0,-1384.0
t10,13681.657335127122,0.0,-8092.657335127122,0.0,0.0,0.0,0.0,4522.0,-0.0,-10111.0,8788.0,0.0,-0.0,0.0,0.0,0.0,0.0,-5900.0,-0.0,-2888.0,0.0,0.0,-0.0,0.0,0.0,0.0,0.0,1378.0,-0.0,-1378.0
t11,14394.0,0.0,-0.0,0.0,0.0,0.0,0.0,-4271.0,-0.0,-10123.0,0.0,0.0,-0.0,0.0,0.0,0.0,0.0,2891.0,-0.0,-2891.0,0.0,0.0,-0.0,0.0,0.0,0.0,0.0,1380.0,-0.0,-1380.0
t12,14334.0,0.0,-0.0,0.0,0.0,0.0,0.0,-4253.0,-0.0,-10081.0,0.0,0.0,-0.0,0.0,0.0,0.0,0.0,2879.0,-0.0,-2879.0,0.0,0.0,-0.0,0.0,0.0,0.0,0.0,1374.0,-0.0,-1374.0
t13,16699.638331038026,0.0,-2530.6383310380265,0.0,0.0,0.0,0.0,-4204.0,-0.0,-9965.0,0.0,0.0,-0.0,0.0,0.0,0.0,0.0,2846.0,-0.0,-2846.0,0.0,0.0,-0.0,0.0,0.0,0.0,0.0,1358.0,-0.0,-1358.0
t14,14062.0,0.0,-0.0,0.0,0.0,0.0,0.0,-4173.0,-0.0,-9889.0,0.0,0.0,-0.0,0.0,0.0,0.0,0.0,2825.0,-0.0,-2825.0,0.0,0.0,-0.0,0.0,0.0,0.0,0.0,1348.0,-0.0,-1348.0
t15,21616.32895121457,0.0,-12163.255146390313,0.0,0.0,0.0,0.0,329.9261951757435,-0.0,-9783.0,14334.411180470794,0.0,-9542.147626987313,0.0,0.0,0.0,0.0,-1998.2635534834808,-0.0,-2794.0,0.0,0.0,-335.33735830773725,0.0,0.0,0.0,0.0,1668.3373583077373,-0.0,-1333.0
t16,15149.054355388585,0.0,-1227.0543553885855,0.0,0.0,0.0,0.0,-4131.0,-0.0,-9791.0,0.0,0.0,-0.0,0.0,0.0,0.0,0.0,2796.0,-0.0,-2796.0,0.0,0.0,-0.0,0.0,0.0,0.0,0.0,1335.0,-0.0,-1335.0
t17,5942.383233487025,0.0,-11.155242988589634,0.0,0.0,0.0,0.0,4349.772009501565,-0.0,-10281.0,8687.772009501565,0.0,-0.0,0.0,0.0,0.0,0.0,-5751.772009501565,-0.0,-2936.0,0.0,0.0,-0.0,0.0,0.0,0.0,0.0,1402.0,-0.0,-1402.0
t18,0.0,4016.212730750821,-0.0,0.0,0.0,0.0,0.0,7165.787269249179,-0.0,-11182.0,6359.787269249179,0.0,-0.0,0.0,0.0,0.0,0.0,-3165.787269249179,-0.0,-3194.0,5241.170459928331,283.8295400716688,-0.0,0.0,0.0,0.0,0.0,-4000.0,-0.0,-1525.0
t19,0.0,3745.5941083252274,-0.0,0.0,0.0,0.0,0.0,7446.405891674773,-0.0,-11192.0,6642.405891674773,0.0,-0.0,0.0,0.0,0.0,0.0,-3446.4058916747726,-0.0,-3196.0,5526.0,0.0,-0.0,0.0,0.0,0.0,0.0,-4000.0,-0.0,-1526.0
t20,0.0,4896.482160764168,-0.0,0.0,0.0,0.0,0.0,6029.517839235832,-0.0,-10926.0,5149.517839235832,0.0,-0.0,0.0,0.0,0.0,0.0,-2029.517839235832,-0.0,-3120.0,5489.0,0.0,-0.0,0.0,0.0,0.0,0.0,-4000.0,-0.0,-1489.0
t21,0.0,593.0,-0.0,0.0,0.0,0.0,0.0,9900.0,-0.0,-10493.0,4386.932171434706,4510.067828565294,-0.0,0.0,0.0,0.0,0.0,-5900.0,-0.0,-2997.0,5430.0,0.0,-0.0,0.0,0.0,0.0,0.0,-4000.0,-0.0,-1430.0
t22,0.0,1067.3857000707367,-0.0,0.0,0.0,0.0,0.0,8708.614299929264,-0.0,-9776.0,7500.614299929263,0.0,-0.0,0.0,0.0,0.0,0.0,-4708.614299929263,-0.0,-2792.0,5332.0,0.0,-0.0,0.0,0.0,0.0,0.0,-4000.0,-0.0,-1332.0
t23,0.0,0.0,-0.0,0.0,0.0,0.0,0.0,8880.0,-0.0,-8880.0,7603.068817809531,0.0,-0.0,0.0,0.0,0.0,0.0,-5067.068817809531,-0.0,-2536.0,5023.931182190469,0.0,-0.0,0.0,0.0,0.0,0.0,-3812.9311821904694,-0.0,-1211.0
t24,0.0,0.0,-0.0,0.0,0.0,0.0,0.0,8042.0,-0.0,-8042.0,6339.0,0.0,-0.0,0.0,0.0,0.0,0.0,-4042.0,-0.0,-2297.0,5096.0,0.0,-0.0,0.0,0.0,0.0,0.0,-4000.0,-0.0,-1096.0
t25,0.0,0.0,-0.0,0.0,0.0,0.0,0.0,7822.0,-0.0,-7822.0,7053.681828760011,0.0,-997.6818287600108,0.0,0.0,0.0,0.0,-3822.0,-0.0,-2234.0,5297.294320955065,0.0,-231.2943209550649,0.0,0.0,0.0,0.0,-4000.0,-0.0,-1066.0
t26,0.0,0.0,-2406.0,0.0,0.0,0.0,0.0,9900.0,-0.0,-7494.0,8342.372860520101,0.0,-302.3728605201013,0.0,0.0,0.0,0.0,-5900.0,-0.0,-2140.0,5338.953994648605,0.0,-317.95399464860475,0.0,0.0,0.0,0.0,-4000.0,-0.0,-1021.0
t27,0.0,0.0,-2557.0,0.0,0.0,0.0,0.0,9900.0,-0.0,-7343.0,8320.17708668291,0.0,-323.17708668291016,0.0,0.0,0.0,0.0,-5900.0,-0.0,-2097.0,5416.2923533276335,0.0,-415.29235332763346,0.0,0.0,0.0,0.0,-4000.0,-0.0,-1001.0
t28,0.0,0.0,-1898.879302771016,0.0,0.0,0.0,0.0,9187.879302771016,-0.0,-7289.0,7269.879302771016,0.0,-0.0,0.0,0.0,0.0,0.0,-5187.879302771016,-0.0,-2082.0,5591.636831808088,0.0,-597.6368318080877,0.0,0.0,0.0,0.0,-4000.0,-0.0,-994.0
t29,0.0,0.0,-0.0,0.0,0.0,0.0,0.0,7482.0,-0.0,-7482.0,6255.948547596529,0.0,-636.9485475965294,0.0,0.0,0.0,0.0,-3482.0,-0.0,-2137.0,5150.048603441954,0.0,-130.04860344195367,0.0,0.0,0.0,0.0,-4000.0,-0.0,-1020.0
t30,0.0,0.0,-740.2149293078432,0.0,0.0,0.0,0.0,8882.214929307844,-0.0,-8142.0,7207.214929307844,0.0,-0.0,0.0,0.0,0.0,0.0,-4882.214929307844,-0.0,-2325.0,4896.419988469302,213.58001153069836,-0.0,0.0,0.0,0.0,0.0,-4000.0,-0.0,-1110.0
t31,0.0,187.66753830036285,-0.0,0.0,0.0,28.164,0.0,9172.168461699637,-0.0,-9388.0,7845.125461699637,0.0,-0.0,0.0,0.0,8.043000000000001,0.0,-5172.168461699637,-0.0,-2681.0,4880.324472408018,399.67552759198225,-0.0,0.0,0.0,0.0,0.0,-4000.0,-0.0,-1280.0
t32,0.0,3138.484040432511,-0.0,0.0,0.0,30.699,0.0,7063.816959567488,-0.0,-10233.0,5977.0509595674885,0.0,-0.0,0.0,0.0,8.766,0.0,-3063.8169595674885,-0.0,-2922.0,5485.782875206979,0.0,-90.78287520697904,0.0,0.0,0.0,0.0,-4000.0,-0.0,-1395.0
t33,0.0,562.518,-0.0,0.0,0.0,31.482,0.0,9900.0,-0.0,-10494.0,5666.445983919063,3221.563016080937,-0.0,0.0,0.0,8.991,0.0,-5900.0,-0.0,-2997.0,6341.57446867369,0.0,-910.5744686736898,0.0,0.0,0.0,0.0,-4000.0,-0.0,-1431.0
t34,114.93971438079352,618.0652856192065,-0.0,0.0,0.0,31.995,0.0,9900.0,-0.0,-10665.0,3576.7142449860016,5360.147755013999,-0.0,0.0,0.0,9.138,0.0,-5900.0,-0.0,-3046.0,6437.0989919340545,0.0,-983.0989919340545,0.0,0.0,0.0,0.0,-4000.0,-0.0,-1454.0
t35,3264.2878884145357,0.0,-0.0,0.0,0.0,0.0,0.0,7515.712111585464,-0.0,-10780.0,9602.738875009663,0.0,-3008.0267634241986,0.0,0.0,0.0,0.0,-3515.7121115854643,-0.0,-3079.0,6666.288100404977,0.0,-1197.2881004049768,0.0,0.0,0.0,0.0,-4000.0,-0.0,-1469.0
t36,5072.672728005687,0.0,-1774.3847004042495,0.0,0.0,0.0,0.0,7518.7119723985625,-0.0,-10817.0,7777.2959461176215,0.0,-1169.5839737190581,0.0,0.0,0.0,0.0,-3518.7119723985625,-0.0,-3089.0,6673.324927145381,0.0,-1199.3249271453806,0.0,0.0,0.0,0.0,-4000.0,-0.0,-1474.0
t37,3988.408089013535,0.0,-2375.2381142879644,0.0,0.0,0.0,0.0,9129.830025274434,-0.0,-10743.0,8197.830025274434,0.0,-0.0,0.0,0.0,0.0,0.0,-5129.830025274433,-0.0,-3068.0,6383.2159257374915,0.0,-919.2159257374915,0.0,0.0,0.0,0.0,-4000.0,-0.0,-1464.0
t38,4888.769184996418,0.0,-0.0,0.0,0.0,0.0,0.0,5768.230815003582,-0.0,-10657.0,10973.672917524984,0.0,-6161.4421025214015,0.0,0.0,0.0,0.0,-1768.2308150035824,-0.0,-3044.0,5960.744661798959,0.0,-507.744661798959,0.0,0.0,0.0,0.0,-4000.0,-0.0,-1453.0
t39,4245.106784463974,0.0,-2781.137958610415,0.0,0.0,0.0,0.0,9052.031174146441,-0.0,-10516.0,8055.031174146441,0.0,-0.0,0.0,0.0,0.0,0.0,-5052.031174146441,-0.0,-3003.0,5970.482825298413,0.0,-536.4828252984134,0.0,0.0,0.0,0.0,-4000.0,-0.0,-1434.0
t40,3160.842145471822,2285.803473226566,-0.0,0.0,0.0,31.404,0.0,4989.950381301613,-0.0,-10468.0,3970.9803813016133,0.0,-0.0,0.0,0.0,8.97,0.0,-989.9503813016131,-0.0,-2990.0,6087.698180864804,0.0,-660.6981808648043,0.0,0.0,0.0,0.0,-4000.0,-0.0,-1427.0
t41,164.74692394580404,690.8890760541959,-0.0,0.0,0.0,32.364,0.0,9900.0,-0.0,-10788.0,887.3151584294837,8084.441841570516,-0.0,0.0,0.0,9.243,0.0,-5900.0,-0.0,-3081.0,5686.244324631471,0.0,-215.2443246314706,0.0,0.0,0.0,0.0,-4000.0,-0.0,-1471.0
t42,0.0,3225.5836629220507,-0.0,0.0,0.0,33.762,0.0,7994.654337077951,-0.0,-11254.0,7199.012337077951,0.0,-0.0,0.0,0.0,9.642,0.0,-3994.654337077951,-0.0,-3214.0,4901.680208350223,633.3197916497766,-0.0,0.0,0.0,0.0,0.0,-4000.0,-0.0,-1535.0
t43,0.0,1154.736,-0.0,0.0,0.0,33.264,0.0,9900.0,-0.0,-11088.0,8337.084317527833,720.4146824721665,-0.0,0.0,0.0,9.501,0.0,-5900.0,-0.0,-3167.0,4480.312948217941,1031.687051782059,-0.0,0.0,0.0,0.0,0.0,-4000.0,-0.0,-1512.0
t44,0.0,782.855,-0.0,0.0,0.0,32.145,0.0,9900.0,-0.0,-10715.0,9498.656936791633,0.0,-538.6569367916327,0.0,0.0,0.0,0.0,-5900.0,-0.0,-3060.0,3376.1086571961946,2084.8913428038054,-0.0,0.0,0.0,0.0,0.0,-4000.0,-0.0,-1461.0
t45,0.0,381.064,-0.0,0.0,0.0,30.936,0.0,9900.0,-0.0,-10312.0,9989.590847029312,0.0,-1144.5908470293125,0.0,0.0,0.0,0.0,-5900.0,-0.0,-2945.0,3406.1372063064846,1999.8627936935154,-0.0,0.0,0.0,0.0,0.0,-4000.0,-0.0,-1406.0
t46,0.0,0.0,-0.0,0.0,0.0,0.0,0.0,9767.0,-0.0,-9767.0,9991.768203197313,0.0,-1434.7682031973127,0.0,0.0,0.0,0.0,-5767.0,-0.0,-2790.0,3986.5984279483937,1345.4015720516063,-0.0,0.0,0.0,0.0,0.0,-4000.0,-0.0,-1332.0
t47,0.0,0.0,-859.0,0.0,0.0,0.0,0.0,9900.0,-0.0,-9041.0,9991.768203197313,0.0,-1509.7682031973127,0.0,0.0,0.0,0.0,-5900.0,-0.0,-2582.0,4913.17677565872,318.82322434128037,-0.0,0.0,0.0,0.0,0.0,-4000.0,-0.0,-1232.0
t48,0.0,0.0,-0.0,0.0,0.0,0.0,0.0,8305.0,-0.0,-8305.0,9991.768203197313,0.0,-3314.7682031973127,0.0,0.0,0.0,0.0,-4305.0,-0.0,-2372.0,5703.299374335909,0.0,-571.2993743359093,0.0,0.0,0.0,0.0,-4000.0,-0.0,-1132.0
t49,0.0,1422.0111078098898,-0.0,0.0,0.0,0.0,0.0,6188.98889219011,-0.0,-7611.0,4651.99916390865,0.0,-0.0,0.0,0.0,0.0,0.0,-2477.99916390865,-0.0,-2174.0,4748.98972828146,0.0,-0.0,0.0,0.0,0.0,0.0,-3710.98972828146,-0.0,-1038.0
t50,0.0,0.0,-0.0,0.0,0.0,0.0,0.0,7284.0,-0.0,-7284.0,5364.0,0.0,-0.0,0.0,0.0,0.0,0.0,-3284.0,-0.0,-2080.0,4993.0,0.0,-0.0,0.0,0.0,0.0,0.0,-4000.0,-0.0,-993.0
t51,0.0,0.0,-0.0,0.0,0.0,0.0,0.0,7110.0,-0.0,-7110.0,5560.256421401382,0.0,-0.0,0.0,0.0,0.0,0.0,-3529.256421401382,-0.0,-2031.0,4549.743578598618,0.0,-0.0,0.0,0.0,0.0,0.0,-3580.743578598618,-0.0,-969.0
t52,0.0,0.0,-0.0,0.0,0.0,0.0,0.0,7082.0,-0.0,-7082.0,5957.4456222456865,0.0,-0.0,0.0,0.0,0.0,0.0,-3934.4456222456865,-0.0,-2023.0,4112.5543777543135,0.0,-0.0,0.0,0.0,0.0,0.0,-3147.5543777543135,-0.0,-965.0
t53,0.0,193.26351802185172,-0.0,0.0,0.0,0.0,0.0,7072.736481978149,-0.0,-7266.0,6099.981412347324,0.0,-0.0,0.0,0.0,0.0,0.0,-4024.9814123473243,-0.0,-2075.0,4037.755069630824,0.0,-0.0,0.0,0.0,0.0,0.0,-3047.755069630824,-0.0,-990.0
t54,0.0,3650.1584284223236,-0.0,0.0,0.0,0.0,0.0,4290.841571577676,-0.0,-7941.0,3472.887734131804,0.0,-0.0,0.0,0.0,0.0,0.0,-1204.8877341318039,-0.0,-2268.0,4168.9538374458725,0.0,-0.0,0.0,0.0,0.0,0.0,-3085.9538374458725,-0.0,-1083.0
t55,0.0,0.0,-0.0,0.0,0.0,0.0,0.0,9190.0,-0.0,-9190.0,2854.2196087317006,5670.780391268299,-0.0,0.0,0.0,0.0,0.0,-5900.0,-0.0,-2625.0,4006.65671617906,536.3432838209401,-0.0,0.0,0.0,0.0,0.0,-3290.0,-0.0,-1253.0
t56,0.0,6696.1347376972235,-0.0,0.0,0.0,0.0,0.0,3238.8652623027774,-0.0,-9935.0,3169.572652646749,0.0,-0.0,0.0,0.0,0.0,0.0,-332.5726526467488,-0.0,-2837.0,4260.292609656029,0.0,-0.0,0.0,0.0,0.0,0.0,-2906.2926096560286,-0.0,-1354.0
t57,4333.227232155916,0.0,-0.0,0.0,0.0,0.0,0.0,5811.772767844084,-0.0,-10145.0,7415.07237688793,0.0,-0.0,0.0,0.0,0.0,0.0,-4518.07237688793,-0.0,-2897.0,2676.7003909561545,0.0,-0.0,0.0,0.0,0.0,0.0,-1293.7003909561545,-0.0,-1383.0
t58,11873.272495535972,0.0,-6184.272495535972,0.0,0.0,0.0,0.0,4510.0,-0.0,-10199.0,8813.0,0.0,-0.0,0.0,0.0,0.0,0.0,-5900.0,-0.0,-2913.0,0.0,0.0,-0.0,0.0,0.0,0.0,0.0,1390.0,-0.0,-1390.0
t59,17095.36685223669,0.0,-0.0,0.0,0.0,0.0,0.0,-6882.36685223669,-0.0,-10213.0,0.0,0.0,-2572.3668522366897,0.0,0.0,0.0,0.0,5489.36685223669,-0.0,-2917.0,0.0,0.0,-0.0,0.0,0.0,0.0,0.0,1393.0,-0.0,-1393.0
t60,14412.0,0.0,-0.0,0.0,0.0,0.0,0.0,-4277.0,-0.0,-10135.0,0.0,0.0,-0.0,0.0,0.0,0.0,0.0,2895.0,-0.0,-2895.0,0.0,0.0,-0.0,0.0,0.0,0.0,0.0,1382.0,-0.0,-1382.0
t61,14786.228741497556,0.0,-619.2287414975561,0.0,0.0,0.0,0.0,-4203.0,-0.0,-9964.0,0.0,0.0,-0.0,0.0,0.0,0.0,0.0,2845.0,-0.0,-2845.0,0.0,0.0,-0.0,0.0,0.0,0.0,0.0,1358.0,-0.0,-1358.0
t62,13995.0,0.0,-0.0,0.0,0.0,0.0,0.0,-4153.0,-0.0,-9842.0,0.0,0.0,-0.0,0.0,0.0,0.0,0.0,2811.0,-0.0,-2811.0,0.0,0.0,-0.0,0.0,0.0,0.0,0.0,1342.0,-0.0,-1342.0
t63,22738.906828333653,0.0,-12163.255146390313,0.0,0.0,0.0,0.0,-898.6516819433382,-0.0,-9677.0,15340.355576473485,0.0,-10358.834323947567,0.0,0.0,0.0,0.0,-2217.5212525259176,-0.0,-2764.0,0.0,0.0,-1797.1729344692556,0.0,0.0,0.0,0.0,3116.172934469256,-0.0,-1319.0
t64,17647.0774812645,0.0,-4012.0774812644995,0.0,0.0,0.0,0.0,-4047.0,-0.0,-9588.0,0.0,0.0,-0.0,0.0,0.0,0.0,0.0,2739.0,-0.0,-2739.0,0.0,0.0,-0.0,0.0,0.0,0.0,0.0,1308.0,-0.0,-1308.0
t65,10961.41742811501,0.0,-5774.41742811501,0.0,0.0,0.0,0.0,4570.0,-0.0,-9757.0,8686.0,0.0,-0.0,0.0,0.0,0.0,0.0,-5900.0,-0.0,-2786.0,0.0,0.0,-0.0,0.0,0.0,0.0,0.0,1330.0,-0.0,-1330.0
t66,1532.529525077247,0.0,-0.0,0.0,0.0,0.0,0.0,8890.470474922753,-0.0,-10423.0,8779.523354297482,0.0,-0.0,0.0,0.0,0.0,0.0,-5803.523354297481,-0.0,-2976.0,4507.947120625272,0.0,-0.0,0.0,0.0,0.0,0.0,-3086.947120625272,-0.0,-1421.0
t67,0.0,1909.8335952520538,-0.0,0.0,0.0,0.0,0.0,8822.166404747946,-0.0,-10732.0,3690.8117157459446,5274.188284254055,-0.0,0.0,0.0,0.0,0.0,-5900.0,-0.0,-3065.0,4385.166404747946,0.0,-0.0,0.0,0.0,0.0,0.0,-2922.166404747946,-0.0,-1463.0
t68,0.0,4379.913096029191,-0.0,0.0,0.0,0.0,0.0,6085.086903970809,-0.0,-10465.0,5435.409045517483,0.0,-0.0,0.0,0.0,0.0,0.0,-2446.409045517483,-0.0,-2989.0,5065.677858453326,0.0,-0.0,0.0,0.0,0.0,0.0,-3638.677858453326,-0.0,-1427.0
t69,0.0,2869.941675026267,-0.0,0.0,0.0,0.0,0.0,7242.058324973733,-0.0,-10112.0,6270.646268763373,0.0,-0.0,0.0,0.0,0.0,0.0,-3382.646268763373,-0.0,-2888.0,5237.41205621036,0.0,-0.0,0.0,0.0,0.0,0.0,-3859.41205621036,-0.0,-1378.0
t70,0.0,1802.116425979978,-0.0,0.0,0.0,0.0,0.0,7805.883574020022,-0.0,-9608.0,8644.0,0.0,-0.0,0.0,0.0,0.0,0.0,-5900.0,-0.0,-2744.0,3215.883574020022,0.0,-0.0,0.0,0.0,0.0,0.0,-1905.883574020022,-0.0,-1310.0
t71,0.0,813.9501625506582,-0.0,0.0,0.0,0.0,0.0,8088.049837449342,-0.0,-8902.0,6631.049837449342,0.0,-0.0,0.0,0.0,0.0,0.0,-4088.049837449342,-0.0,-2543.0,4229.216112086162,984.783887913838,-0.0,0.0,0.0,0.0,0.0,-4000.0,-0.0,-1214.0
t72,0.0,599.4291474393267,-0.0,0.0,0.0,0.0,0.0,7569.570852560673,-0.0,-8169.0,6363.192663688193,0.0,-0.0,0.0,0.0,0.0,0.0,-4030.1926636881926,-0.0,-2333.0,4653.378188872481,0.0,-0.0,0.0,0.0,0.0,0.0,-3539.3781888724807,-0.0,-1114.0
t73,0.0,761.8938863040717,-0.0,0.0,0.0,0.0,0.0,6184.106113695929,-0.0,-6946.0,5162.589699880653,2720.410300119347,-0.0,0.0,0.0,0.0,0.0,-5900.0,-0.0,-1983.0,1231.1061136959283,0.0,-0.0,0.0,0.0,0.0,0.0,-284.10611369592834,-0.0,-947.0
t74,0.0,6497.8766968639,-0.0,0.0,0.0,0.0,0.0,148.1233031360996,-0.0,-6646.0,2005.1126321911247,0.0,-0.0,0.0,0.0,0.0,0.0,-107.1126321911247,-0.0,-1898.0,947.0106709449749,0.0,-0.0,0.0,0.0,0.0,0.0,-41.01067094497489,-0.0,-906.0
t75,0.0,6923.450423547145,-0.0,0.0,0.0,0.0,0.0,-423.4504235471459,-0.0,-6500.0,1242.299162066734,0.0,-0.0,0.0,0.0,0.0,0.0,613.700837933266,-0.0,-1856.0,1076.2504143861202,0.0,-0.0,0.0,0.0,0.0,0.0,-190.25041438612016,-0.0,-886.0
t76,0.0,0.0,-0.0,0.0,0.0,0.0,0.0,6489.0,-0.0,-6489.0,403.6454934861972,7065.061681037954,-0.0,0.0,0.0,0.0,0.0,-5615.707174524151,-0.0,-1853.0,1757.292825475849,0.0,-0.0,0.0,0.0,0.0,0.0,-873.292825475849,-0.0,-884.0
t77,0.0,0.0,-0.0,0.0,0.0,0.0,0.0,6670.0,-0.0,-6670.0,315.4445785035578,6808.699578164781,-0.0,0.0,0.0,0.0,0.0,-5219.144156668339,-0.0,-1905.0,2359.855843331661,0.0,-0.0,0.0,0.0,0.0,0.0,-1450.8558433316612,-0.0,-909.0
t78,0.0,5835.868164487234,-0.0,0.0,0.0,0.0,0.0,1515.131835512766,-0.0,-7351.0,1196.4960073559073,1140.7387408054733,-0.0,0.0,0.0,0.0,0.0,-238.2347481613806,-0.0,-2099.0,2278.8970873513854,0.0,-0.0,0.0,0.0,0.0,0.0,-1276.8970873513854,-0.0,-1002.0
t79,0.0,9457.353556842707,-0.0,0.0,0.0,0.0,0.0,-761.3535568427076,-0.0,-8696.0,998.0540653102744,0.0,-0.0,0.0,0.0,0.0,0.0,1485.9459346897256,-0.0,-2484.0,1910.592377847018,0.0,-0.0,0.0,0.0,0.0,0.0,-724.592377847018,-0.0,-1186.0
t80,5183.781118573788,0.0,-0.0,0.0,0.0,0.0,0.0,4365.218881426212,-0.0,-9549.0,6930.988514128456,0.0,-0.0,0.0,0.0,0.0,0.0,-4203.988514128456,-0.0,-2727.0,1463.2303672977564,0.0,-0.0,0.0,0.0,0.0,0.0,-161.2303672977564,-0.0,-1302.0
t81,12417.320476938394,0.0,-7243.320476938394,0.0,0.0,0.0,0.0,4572.0,-0.0,-9746.0,8683.0,0.0,-0.0,0.0,0.0,0.0,0.0,-5900.0,-0.0,-2783.0,0.0,0.0,-0.0,0.0,0.0,0.0,0.0,1328.0,-0.0,-1328.0
t82,17214.137890430175,0.0,-11939.137890430175,0.0,0.0,0.0,0.0,4559.0,-0.0,-9834.0,12321.97762247731,0.0,-3612.97762247731,0.0,0.0,0.0,0.0,-5900.0,-0.0,-2809.0,0.0,0.0,-0.0,0.0,0.0,0.0,0.0,1341.0,-0.0,-1341.0
t83,5365.0,0.0,-0.0,0.0,0.0,0.0,0.0,4548.0,-0.0,-9913.0,8731.0,0.0,-0.0,0.0,0.0,0.0,0.0,-5900.0,-0.0,-2831.0,0.0,0.0,-0.0,0.0,0.0,0.0,0.0,1352.0,-0.0,-1352.0
t84,17478.255146390315,0.0,-12163.255146390313,0.0,0.0,0.0,0.0,4554.0,-0.0,-9869.0,23824.31601017464,0.0,-15105.31601017464,0.0,0.0,0.0,0.0,-5900.0,-0.0,-2819.0,0.0,0.0,-0.0,0.0,0.0,0.0,0.0,1346.0,-0.0,-1346.0
t85,17994.67637126572,0.0,-12163.255146390313,0.0,0.0,0.0,0.0,3915.5787751245944,-0.0,-9747.0,8684.0,0.0,-0.0,0.0,0.0,0.0,0.0,-5900.0,-0.0,-2784.0,0.0,0.0,-656.4212248754058,0.0,0.0,0.0,0.0,1984.4212248754056,-0.0,-1328.0
t86,13647.611013913001,0.0,-8567.611013913001,0.0,0.0,0.0,0.0,4582.0,-0.0,-9662.0,8660.0,0.0,-0.0,0.0,0.0,0.0,0.0,-5900.0,-0.0,-2760.0,0.0,0.0,-0.0,0.0,0.0,0.0,0.0,1318.0,-0.0,-1318.0
t87,19474.618939919113,0.0,-12163.255146390313,0.0,0.0,0.0,0.0,2172.6362064711993,-0.0,-9484.0,23714.31601017464,0.0,-15105.31601017464,0.0,0.0,0.0,0.0,-5900.0,-0.0,-2709.0,0.0,0.0,-2434.3637935288007,0.0,0.0,0.0,0.0,3727.3637935288007,-0.0,-1293.0
t88,16378.909299263076,0.0,-11608.909299263076,0.0,0.0,0.0,0.0,4620.0,-0.0,-9390.0,8582.0,0.0,-0.0,0.0,0.0,0.0,0.0,-5900.0,-0.0,-2682.0,0.0,0.0,-0.0,0.0,0.0,0.0,0.0,1280.0,-0.0,-1280.0
t89,10486.333275341061,0.0,-5641.333275341061,0.0,0.0,0.0,0.0,4611.0,-0.0,-9456.0,12520.612601928726,0.0,-3920.612601928726,0.0,0.0,0.0,0.0,-5900.0,-0.0,-2700.0,0.0,0.0,-0.0,0.0,0.0,0.0,0.0,1289.0,-0.0,-1289.0
t90,3019.0831644021764,3799.896304871512,-0.0,0.0,0.0,0.0,0.0,2875.020530726312,-0.0,-9694.0,5934.779850648552,0.0,-0.0,0.0,0.0,0.0,0.0,-3165.779850648552,-0.0,-2769.0,1031.2406800777599,0.0,-0.0,0.0,0.0,0.0,0.0,290.75931992224014,-0.0,-1322.0
t91,0.0,3091.4225743127195,-0.0,0.0,0.0,0.0,0.0,6922.577425687281,-0.0,-10014.0,791.310512611856,7968.689487388144,-0.0,0.0,0.0,0.0,0.0,-5900.0,-0.0,-2860.0,2387.5774256872805,0.0,-0.0,0.0,0.0,0.0,0.0,-1022.5774256872805,-0.0,-1365.0
t92,0.0,9943.348207831585,-0.0,0.0,0.0,0.0,0.0,484.65179216841557,-0.0,-10428.0,2037.589925517638,0.0,-0.0,0.0,0.0,0.0,0.0,940.410074482362,-0.0,-2978.0,2847.0618666507776,0.0,-0.0,0.0,0.0,0.0,0.0,-1425.0618666507776,-0.0,-1422.0
t93,0.0,10804.751032918048,-0.0,0.0,0.0,0.0,0.0,-642.7510329180486,-0.0,-10162.0,1901.1568769575113,0.0,-0.0,0.0,0.0,0.0,0.0,1000.8431230424887,-0.0,-2902.0,1743.0920901244401,0.0,-0.0,0.0,0.0,0.0,0.0,-358.0920901244401,-0.0,-1385.0
t94,0.0,2761.340105139551,-0.0,0.0,0.0,0.0,0.0,6790.65989486045,-0.0,-9552.0,2384.890079554802,6243.109920445198,-0.0,0.0,0.0,0.0,0.0,-5900.0,-0.0,-2728.0,2192.659894860449,0.0,-0.0,0.0,0.0,0.0,0.0,-890.6598948604492,-0.0,-1302.0
t95,0.0,3736.7795891191145,-0.0,0.0,0.0,0.0,0.0,4906.2204108808855,-0.0,-8643.0,3461.3006002831385,0.0,-0.0,0.0,0.0,0.0,0.0,-993.3006002831385,-0.0,-2468.0,2474.8793710204263,2616.0404395773203,-0.0,0.0,0.0,0.0,0.0,-3912.9198105977466,-0.0,-1178.0
t96,0.0,5359.220964938373,-0.0,0.0,0.0,0.0,0.0,2428.779035061627,-0.0,-7788.0,3240.6596770427204,0.0,-0.0,0.0,0.0,0.0,0.0,-1016.6596770427204,-0.0,-2224.0,2474.1193580189065,0.0,-0.0,0.0,0.0,0.0,0.0,-1412.1193580189065,-0.0,-1062.0
t97,0.0,2840.6256946790404,-0.0,0.0,0.0,0.0,0.0,6209.37430532096,-0.0,-9050.0,7875.156360507512,0.0,-0.0,0.0,0.0,0.0,0.0,-5291.156360507512,-0.0,-2584.0,2152.217944813448,0.0,-0.0,0.0,0.0,0.0,0.0,-918.217944813448,-0.0,-1234.0
t98,0.0,614.821715345689,-0.0,0.0,0.0,0.0,0.0,7894.178284654311,-0.0,-8509.0,8315.398943193995,0.0,-0.0,0.0,0.0,0.0,0.0,-5885.398943193995,-0.0,-2430.0,3168.7793414603157,0.0,-0.0,0.0,0.0,0.0,0.0,-2008.7793414603157,-0.0,-1160.0
t99,0.0,978.8460519412251,-0.0,0.0,0.0,0.0,0.0,7180.153948058774,-0.0,-8159.0,7342.415023647,0.0,-0.0,0.0,0.0,0.0,0.0,-5012.415023647,-0.0,-2330.0,3279.7389244117744,0.0,-0.0,0.0,0.0,0.0,0.0,-2167.7389244117744,-0.0,-1112.0
t100,0.0,0.0,-0.0,0.0,0.0,0.0,0.0,7989.0,-0.0,-7989.0,5901.331401720628,2150.628567764408,-0.0,0.0,0.0,0.0,0.0,-5769.959969485036,-0.0,-2282.0,3308.040030514964,0.0,-0.0,0.0,0.0,0.0,0.0,-2219.040030514964,-0.0,-1089.0
t101,0.0,4367.545217377166,-0.0,0.0,0.0,0.0,0.0,3700.454782622834,-0.0,-8068.0,4356.655005515928,0.0,-0.0,0.0,0.0,0.0,0.0,-2052.6550055159278,-0.0,-2304.0,2747.7997771069063,0.0,-0.0,0.0,0.0,0.0,0.0,-1647.7997771069063,-0.0,-1100.0
t102,4474.986213225561,0.0,-0.0,0.0,0.0,0.0,0.0,3898.013786774439,-0.0,-8373.0,7125.152383358182,0.0,-0.0,0.0,0.0,0.0,0.0,-4734.152383358182,-0.0,-2391.0,304.8614034162565,0.0,-0.0,0.0,0.0,0.0,0.0,836.1385965837435,-0.0,-1141.0
t103,3486.5046695507367,617.3244856844838,-0.0,0.0,0.0,0.0,0.0,5217.170844764779,-0.0,-9321.0,7735.381721026188,0.0,-0.0,0.0,0.0,0.0,0.0,-5073.381721026188,-0.0,-2662.0,1414.7891237385913,0.0,-0.0,0.0,0.0,0.0,0.0,-143.78912373859134,-0.0,-1271.0
t104,6037.0,0.0,-0.0,0.0,0.0,0.0,0.0,4468.0,-0.0,-10505.0,8900.0,0.0,-0.0,0.0,0.0,0.0,0.0,-5900.0,-0.0,-3000.0,0.0,0.0,-0.0,0.0,0.0,0.0,0.0,1432.0,-0.0,-1432.0
t105,7075.0,0.0,-0.0,0.0,0.0,0.0,0.0,4343.0,-0.0,-11418.0,9161.0,0.0,-0.0,0.0,0.0,0.0,0.0,-5900.0,-0.0,-3261.0,0.0,0.0,-0.0,0.0,0.0,0.0,0.0,1557.0,-0.0,-1557.0
t106,19348.185254100244,0.0,-11434.185254100244,0.0,0.0,0.0,0.0,4243.0,-0.0,-12157.0,9372.0,0.0,-0.0,0.0,0.0,0.0,0.0,-5900.0,-0.0,-3472.0,0.0,0.0,-0.0,0.0,0.0,0.0,0.0,1657.0,-0.0,-1657.0
t107,14267.83961412459,0.0,-5693.83961412459,0.0,0.0,0.0,0.0,4163.0,-0.0,-12737.0,9537.0,0.0,-0.0,0.0,0.0,0.0,0.0,-5900.0,-0.0,-3637.0,0.0,0.0,-0.0,0.0,0.0,0.0,0.0,1737.0,-0.0,-1737.0
t108,22593.316523451314,0.0,-12163.255146390313,0.0,0.0,0.0,0.0,2672.9386229389984,-0.0,-13103.0,9642.0,0.0,-0.0,0.0,0.0,0.0,0.0,-5900.0,-0.0,-3742.0,0.0,0.0,-1440.0613770610016,0.0,0.0,0.0,0.0,3227.0613770610016,-0.0,-1787.0
t109,22210.184142182003,0.0,-1196.1841421820027,0.0,0.0,0.0,0.0,-7713.0,-0.0,-13301.0,0.0,0.0,-2101.0,0.0,0.0,0.0,0.0,5900.0,-0.0,-3799.0,0.0,0.0,-0.0,0.0,0.0,0.0,0.0,1813.0,-0.0,-1813.0
t110,21584.255146390315,0.0,-12163.255146390313,0.0,0.0,0.0,0.0,4062.0,-0.0,-13483.0,24856.31601017464,0.0,-15105.31601017464,0.0,0.0,0.0,0.0,-5900.0,-0.0,-3851.0,0.0,0.0,-0.0,0.0,0.0,0.0,0.0,1838.0,-0.0,-1838.0
t111,20033.99221657231,0.0,-0.0,0.0,0.0,0.0,0.0,-6447.992216572311,-0.0,-13586.0,2998.4301939408133,0.0,-1566.4224105131245,0.0,0.0,0.0,0.0,2447.992216572311,-0.0,-3880.0,0.0,0.0,-2147.0,0.0,0.0,0.0,0.0,4000.0,-0.0,-1853.0
t112,16137.53589906341,0.0,-6650.53589906341,0.0,0.0,0.0,0.0,4054.0,-0.0,-13541.0,9767.0,0.0,-0.0,0.0,0.0,0.0,0.0,-5900.0,-0.0,-3867.0,0.0,0.0,-0.0,0.0,0.0,0.0,0.0,1846.0,-0.0,-1846.0
t113,11942.236324164445,0.0,-2505.2363241644453,0.0,0.0,0.0,0.0,4060.0,-0.0,-13497.0,9755.0,0.0,-0.0,0.0,0.0,0.0,0.0,-5900.0,-0.0,-3855.0,0.0,0.0,-0.0,0.0,0.0,0.0,0.0,1840.0,-0.0,-1840.0
t114,6413.636062448279,0.0,-0.0,0.0,0.0,0.0,0.0,6993.363937551721,-0.0,-13407.0,9729.0,0.0,-0.0,0.0,0.0,0.0,0.0,-5900.0,-0.0,-3829.0,1556.5167301119761,1364.8472074397453,-0.0,0.0,0.0,0.0,0.0,-1093.3639375517214,-0.0,-1828.0
t115,2812.191678516748,2694.2891040242343,-0.0,0.0,0.0,0.0,0.0,7594.519217459017,-0.0,-13101.0,4238.346230520223,5403.653769479777,-0.0,0.0,0.0,0.0,0.0,-5900.0,-0.0,-3742.0,1810.2776753543305,1671.2415421046865,-0.0,0.0,0.0,0.0,0.0,-1694.519217459017,-0.0,-1787.0
t116,2168.5292779843044,8914.48756703895,-0.0,0.0,0.0,0.0,0.0,1552.9831549767462,-0.0,-12636.0,5175.323693029224,0.0,-0.0,0.0,0.0,0.0,0.0,-1566.3236930292246,-0.0,-3609.0,1709.6594619475215,0.0,-0.0,0.0,0.0,0.0,0.0,13.34053805247845,-0.0,-1723.0
t117,0.0,5842.905231000229,-0.0,0.0,0.0,0.0,0.0,6477.094768999771,-0.0,-12320.0,1084.0365379740624,8334.963462025938,-0.0,0.0,0.0,0.0,0.0,-5900.0,-0.0,-3519.0,2257.094768999771,0.0,-0.0,0.0,0.0,0.0,0.0,-577.0947689997711,-0.0,-1680.0
t118,0.0,8801.530368295178,-0.0,0.0,0.0,0.0,0.0,3117.4696317048238,-0.0,-11919.0,5390.24208667169,0.0,-0.0,0.0,0.0,0.0,0.0,-1986.2420866716902,-0.0,-3404.0,2756.2275450331335,0.0,-0.0,0.0,0.0,0.0,0.0,-1131.2275450331335,-0.0,-1625.0
t119,0.0,5469.906471312932,-0.0,0.0,0.0,0.0,0.0,5332.093528687068,-0.0,-10802.0,7606.751278145171,0.0,-0.0,0.0,0.0,0.0,0.0,-4521.751278145171,-0.0,-3085.0,2283.342250541897,0.0,-0.0,0.0,0.0,0.0,0.0,-810.3422505418971,-0.0,-1473.0
t120,0.0,2706.732521258803,-0.0,0.0,0.0,0.0,0.0,6914.267478741197,-0.0,-9621.0,7699.055872279472,0.0,-0.0,0.0,0.0,0.0,0.0,-4951.055872279472,-0.0,-2748.0,3275.211606461725,0.0,-0.0,0.0,0.0,0.0,0.0,-1963.2116064617248,-0.0,-1312.0
t121,0.0,5415.283801634824,-0.0,0.0,0.0,0.0,0.0,5087.716198365176,-0.0,-10503.0,4641.659132624731,4258.340867375269,-0.0,0.0,0.0,0.0,0.0,-5900.0,-0.0,-3000.0,619.7161983651758,0.0,-0.0,0.0,0.0,0.0,0.0,812.2838016348242,-0.0,-1432.0
t122,0.0,4292.709335114224,-0.0,0.0,0.0,0.0,0.0,5596.290664885776,-0.0,-9889.0,6193.61291329901,2531.38708670099,-0.0,0.0,0.0,0.0,0.0,-5900.0,-0.0,-2825.0,1044.290664885776,0.0,-0.0,0.0,0.0,0.0,0.0,303.7093351142239,-0.0,-1348.0
t123,0.0,1011.115772947237,-0.0,0.0,0.0,0.0,0.0,8481.884227052764,-0.0,-9493.0,7822.796287765164,788.2037122348356,-0.0,0.0,0.0,0.0,0.0,-5900.0,-0.0,-2711.0,1259.8437874754427,2616.0404395773203,-0.0,0.0,0.0,0.0,0.0,-2581.884227052763,-0.0,-1294.0
t124,0.0,3155.3997523718253,-0.0,0.0,0.0,0.0,0.0,6089.600247628175,-0.0,-9245.0,5439.035377935006,3100.964622064994,-0.0,0.0,0.0,0.0,0.0,-5900.0,-0.0,-2640.0,1450.6002476281747,0.0,-0.0,0.0,0.0,0.0,0.0,-189.60024762817466,-0.0,-1261.0
t125,0.0,341.08280089173104,-0.0,0.0,0.0,0.0,0.0,8926.91719910827,-0.0,-9268.0,3880.1990574952306,4666.800942504769,-0.0,0.0,0.0,0.0,0.0,-5900.0,-0.0,-2647.0,1673.8767595309487,2616.0404395773203,-0.0,0.0,0.0,0.0,0.0,-3026.917199108269,-0.0,-1263.0
t126,992.3128674875173,2650.447080988772,-0.0,0.0,0.0,0.0,0.0,6000.240051523711,-0.0,-9643.0,1900.8039173932855,6753.196082606714,-0.0,0.0,0.0,0.0,0.0,-5900.0,-0.0,-2754.0,1415.2400515237114,0.0,-0.0,0.0,0.0,0.0,0.0,-100.24005152371137,-0.0,-1315.0
t127,3678.0708601853926,0.0,-0.0,0.0,0.0,0.0,0.0,7005.929139814607,-0.0,-10684.0,5453.909306822677,3497.0906931773234,-0.0,0.0,0.0,0.0,0.0,-5900.0,-0.0,-3051.0,1045.0065723238292,1517.9225674907777,-0.0,0.0,0.0,0.0,0.0,-1105.9291398146074,-0.0,-1457.0
t128,8172.213692474419,0.0,-1357.7074734603434,0.0,0.0,0.0,0.0,5221.493780985925,-0.0,-12036.0,9337.0,0.0,-0.0,0.0,0.0,0.0,0.0,-5900.0,-0.0,-3437.0,962.4937809859244,0.0,-0.0,0.0,0.0,0.0,0.0,678.5062190140756,-0.0,-1641.0
t129,13884.717497199857,0.0,-3219.5456885069943,0.0,0.0,0.0,0.0,2454.8281913071382,-0.0,-13120.0,9647.0,0.0,-0.0,0.0,0.0,0.0,0.0,-5900.0,-0.0,-3747.0,959.8686308844584,0.0,-2616.0404395773203,0.0,0.0,0.0,0.0,3445.1718086928618,-0.0,-1789.0
t130,18371.197681863498,0.0,-8870.691839537414,0.0,0.0,0.0,0.0,4579.494157673917,-0.0,-14080.0,12961.637797647008,0.0,-3040.6377976470085,0.0,0.0,0.0,0.0,-5900.0,-0.0,-4021.0,1200.0742309132452,0.0,-601.5800732393291,0.0,0.0,0.0,0.0,1320.505842326084,-0.0,-1919.0
t131,21581.84703690033,0.0,-9559.000217949439,0.0,0.0,0.0,0.0,2887.1531810491065,-0.0,-14910.0,25263.31601017464,0.0,-15105.31601017464,0.0,0.0,0.0,0.0,-5900.0,-0.0,-4258.0,1636.193620626427,0.0,-2616.0404395773203,0.0,0.0,0.0,0.0,3012.8468189508935,-0.0,-2033.0
t132,21869.196322852313,0.0,-12163.255146390313,0.0,0.0,0.0,0.0,5772.058823537994,-0.0,-15478.0,10321.0,0.0,-0.0,0.0,0.0,0.0,0.0,-5900.0,-0.0,-4421.0,1982.0588235379935,0.0,-0.0,0.0,0.0,0.0,0.0,127.94117646200652,-0.0,-2110.0
t133,20459.269159781248,0.0,-10435.729096406743,0.0,0.0,0.0,0.0,5846.459936625495,-0.0,-15870.0,10433.0,0.0,-0.0,0.0,0.0,0.0,0.0,-5900.0,-0.0,-4533.0,2110.459936625495,0.0,-0.0,0.0,0.0,0.0,0.0,53.540063374504825,-0.0,-2164.0
t134,21612.497627401877,0.0,-11284.628994798413,0.0,0.0,0.0,0.0,5897.131367396537,-0.0,-16225.0,25638.31601017464,0.0,-15105.31601017464,0.0,0.0,0.0,0.0,-5900.0,-0.0,-4633.0,2209.131367396537,0.0,-0.0,0.0,0.0,0.0,0.0,2.868632603463084,-0.0,-2212.0
t135,21214.03995088179,0.0,-7721.679102063334,0.0,0.0,0.0,0.0,2955.639151181543,-0.0,-16448.0,25703.31601017464,0.0,-15105.31601017464,0.0,0.0,0.0,0.0,-5900.0,-0.0,-4698.0,1913.6795907588637,0.0,-2616.0404395773203,0.0,0.0,0.0,0.0,2944.360848818457,-0.0,-2242.0
t136,17509.149824007545,0.0,-3702.98094446056,0.0,0.0,0.0,0.0,2810.8311204530123,-0.0,-16617.0,10646.0,0.0,-0.0,0.0,0.0,0.0,0.0,-5900.0,-0.0,-4746.0,1792.8715600303328,0.0,-2616.0404395773203,0.0,0.0,0.0,0.0,3089.1688795469877,-0.0,-2266.0
t137,13175.92259185163,0.0,-1533.3124009450898,0.0,0.0,0.0,0.0,5074.38980909346,-0.0,-16717.0,19906.201589644137,0.0,-9232.201589644137,0.0,0.0,0.0,0.0,-5900.0,-0.0,-4774.0,1453.38980909346,0.0,-0.0,0.0,0.0,0.0,0.0,825.6101909065401,-0.0,-2279.0
t138,6291.033700442099,4723.110056243507,-0.0,0.0,0.0,0.0,0.0,5564.856243314394,-0.0,-16579.0,10635.0,0.0,-0.0,0.0,0.0,0.0,0.0,-5900.0,-0.0,-4735.0,1925.856243314394,0.0,-0.0,0.0,0.0,0.0,0.0,335.1437566856059,-0.0,-2261.0
t139,2444.384592498209,4900.9677157572005,-0.0,0.0,0.0,0.0,0.0,8853.64769174459,-0.0,-16199.0,8237.572094575557,2288.4279054244425,-0.0,0.0,0.0,0.0,0.0,-5900.0,-0.0,-4626.0,2546.6072521672704,2616.0404395773203,-0.0,0.0,0.0,0.0,0.0,-2953.6476917445907,-0.0,-2209.0
t140,0.0,8713.134432677005,-0.0,0.0,0.0,0.0,0.0,6987.865567322995,-0.0,-15701.0,3013.5242343632103,7370.475765636789,-0.0,0.0,0.0,0.0,0.0,-5900.0,-0.0,-4484.0,3227.865567322995,0.0,-0.0,0.0,0.0,0.0,0.0,-1087.865567322995,-0.0,-2140.0
t141,0.0,8140.757543779225,-0.0,0.0,0.0,0.0,0.0,7275.242456220775,-0.0,-15416.0,5388.7645139815695,4914.2354860184305,-0.0,0.0,0.0,0.0,0.0,-5900.0,-0.0,-4403.0,3477.2424562207752,0.0,-0.0,0.0,0.0,0.0,0.0,-1375.2424562207752,-0.0,-2102.0
t142,0.0,7165.4020598184015,-0.0,0.0,0.0,0.0,0.0,7688.5979401815985,-0.0,-14854.0,6042.794955859178,4100.205044140822,-0.0,0.0,0.0,0.0,0.0,-5900.0,-0.0,-4243.0,3813.5979401815985,0.0,-0.0,0.0,0.0,0.0,0.0,-1788.5979401815985,-0.0,-2025.0
t143,0.0,4790.864986478752,-0.0,0.0,0.0,0.0,0.0,8790.135013521249,-0.0,-13581.0,6053.489944708515,3724.5100552914846,-0.0,0.0,0.0,0.0,0.0,-5900.0,-0.0,-3878.0,4742.135013521248,0.0,-0.0,0.0,0.0,0.0,0.0,-2890.135013521248,-0.0,-1852.0
t144,0.0,3819.521218881915,-0.0,0.0,0.0,0.0,0.0,8497.478781118085,-0.0,-12317.0,8668.68859273819,749.31140726181,-0.0,0.0,0.0,0.0,0.0,-5900.0,-0.0,-3518.0,4276.478781118085,0.0,-0.0,0.0,0.0,0.0,0.0,-2597.478781118085,-0.0,-1679.0
t145,0.0,0.0,-0.0,0.0,0.0,0.0,0.0,7105.0,-0.0,-7105.0,6292.938686423517,0.0,-0.0,0.0,0.0,0.0,0.0,-4263.938686423517,-0.0,-2029.0,3810.061313576483,0.0,-0.0,0.0,0.0,0.0,0.0,-2841.061313576483,-0.0,-969.0
t146,0.0,0.0,-0.0,0.0,0.0,0.0,0.0,6773.0,-0.0,-6773.0,4844.172539237911,0.0,-0.0,0.0,0.0,0.0,0.0,-2910.172539237911,-0.0,-1934.0,4785.827460762089,0.0,-0.0,0.0,0.0,0.0,0.0,-3862.827460762089,-0.0,-923.0
t147,0.0,0.0,-0.0,0.0,0.0,0.0,0.0,6591.0,-0.0,-6591.0,5282.155064981126,0.0,-0.0,0.0,0.0,0.0,0.0,-3399.155064981126,-0.0,-1883.0,4090.844935018874,0.0,-0.0,0.0,0.0,0.0,0.0,-3191.844935018874,-0.0,-899.0
t148,0.0,0.0,-0.0,0.0,0.0,0.0,0.0,6544.0,-0.0,-6544.0,5542.230089252329,0.0,-0.0,0.0,0.0,0.0,0.0,-3673.2300892523294,-0.0,-1869.0,3762.7699107476706,0.0,-0.0,0.0,0.0,0.0,0.0,-2870.7699107476706,-0.0,-892.0
t149,0.0,0.0,-0.0,0.0,0.0,0.0,0.0,6712.0,-0.0,-6712.0,5119.416332325276,0.0,-0.0,0.0,0.0,0.0,0.0,-3202.416332325276,-0.0,-1917.0,4424.583667674724,0.0,-0.0,0.0,0.0,0.0,0.0,-3509.583667674724,-0.0,-915.0
t150,0.0,114.16873424756523,-0.0,0.0,0.0,0.0,0.0,7236.831265752435,-0.0,-7351.0,5882.605339334374,0.0,-0.0,0.0,0.0,0.0,0.0,-3783.6053393343736,-0.0,-2099.0,4455.225926418061,0.0,-0.0,0.0,0.0,0.0,0.0,-3453.225926418061,-0.0,-1002.0
t151,1095.7586104302316,0.0,-0.0,0.0,0.0,0.0,0.0,7332.241389569768,-0.0,-8428.0,5739.241389569768,0.0,-0.0,0.0,0.0,0.0,0.0,-3332.241389569768,-0.0,-2407.0,5149.0,0.0,-0.0,0.0,0.0,0.0,0.0,-4000.0,-0.0,-1149.0
t152,8363.779883109075,0.0,-0.0,0.0,0.0,0.0,0.0,813.220116890925,-0.0,-9177.0,4685.220116890925,0.0,-0.0,0.0,0.0,0.0,0.0,-2064.220116890925,-0.0,-2621.0,0.0,0.0,-0.0,0.0,0.0,0.0,0.0,1251.0,-0.0,-1251.0
t153,13666.0,0.0,-0.0,0.0,0.0,0.0,0.0,-4055.0,-0.0,-9611.0,0.0,0.0,-0.0,0.0,0.0,0.0,0.0,2745.0,-0.0,-2745.0,0.0,0.0,-0.0,0.0,0.0,0.0,0.0,1310.0,-0.0,-1310.0
t154,17418.313594651445,0.0,-3270.3135946514462,0.0,0.0,0.0,0.0,-4199.0,-0.0,-9949.0,0.0,0.0,-0.0,0.0,0.0,0.0,0.0,2842.0,-0.0,-2842.0,0.0,0.0,-0.0,0.0,0.0,0.0,0.0,1357.0,-0.0,-1357.0
t155,14548.0,0.0,-0.0,0.0,0.0,0.0,0.0,-4317.0,-0.0,-10231.0,0.0,0.0,-0.0,0.0,0.0,0.0,0.0,2922.0,-0.0,-2922.0,0.0,0.0,-0.0,0.0,0.0,0.0,0.0,1395.0,-0.0,-1395.0
t156,14736.0,0.0,-0.0,0.0,0.0,0.0,0.0,-4373.0,-0.0,-10363.0,0.0,0.0,-0.0,0.0,0.0,0.0,0.0,2960.0,-0.0,-2960.0,0.0,0.0,-0.0,0.0,0.0,0.0,0.0,1413.0,-0.0,-1413.0
t157,14723.0,0.0,-0.0,0.0,0.0,0.0,0.0,-4369.0,-0.0,-10354.0,0.0,0.0,-0.0,0.0,0.0,0.0,0.0,2957.0,-0.0,-2957.0,0.0,0.0,-0.0,0.0,0.0,0.0,0.0,1412.0,-0.0,-1412.0
t158,14719.0,0.0,-0.0,0.0,0.0,0.0,0.0,-4367.0,-0.0,-10352.0,0.0,0.0,-0.0,0.0,0.0,0.0,0.0,2956.0,-0.0,-2956.0,0.0,0.0,-0.0,0.0,0.0,0.0,0.0,1411.0,-0.0,-1411.0
t159,19160.45038727828,0.0,-1606.4503872782807,0.0,0.0,0.0,0.0,-7298.0,-0.0,-10256.0,0.0,0.0,-2971.0,0.0,0.0,0.0,0.0,5900.0,-0.0,-2929.0,0.0,0.0,-0.0,0.0,0.0,0.0,0.0,1398.0,-0.0,-1398.0
t160,14437.0,0.0,-0.0,0.0,0.0,0.0,0.0,-4284.0,-0.0,-10153.0,0.0,0.0,-0.0,0.0,0.0,0.0,0.0,2900.0,-0.0,-2900.0,0.0,0.0,-0.0,0.0,0.0,0.0,0.0,1384.0,-0.0,-1384.0
t161,11264.092009317765,0.0,-0.0,0.0,0.0,0.0,0.0,-1127.0920093177647,-0.0,-10137.0,3149.9079906822353,0.0,-0.0,0.0,0.0,0.0,0.0,-254.90799068223532,-0.0,-2895.0,0.0,0.0,-0.0,0.0,0.0,0.0,0.0,1382.0,-0.0,-1382.0
t162,3980.745441388149,0.0,-0.0,0.0,0.0,0.0,0.0,6140.25455861185,-0.0,-10121.0,7704.992370417676,0.0,-0.0,0.0,0.0,0.0,0.0,-4814.992370417676,-0.0,-2890.0,2705.262188194174,0.0,-0.0,0.0,0.0,0.0,0.0,-1325.262188194174,-0.0,-1380.0
t163,0.0,1915.6538407876988,-0.0,0.0,0.0,0.0,0.0,8117.346159212301,-0.0,-10033.0,6982.346159212301,0.0,-0.0,0.0,0.0,0.0,0.0,-4117.346159212301,-0.0,-2865.0,5368.0,0.0,-0.0,0.0,0.0,0.0,0.0,-4000.0,-0.0,-1368.0
t164,0.0,1048.5872513371141,-0.0,0.0,0.0,0.0,0.0,9244.412748662886,-0.0,-10293.0,8347.380295105744,0.0,-0.0,0.0,0.0,0.0,0.0,-5407.380295105744,-0.0,-2940.0,5240.032453557142,0.0,-0.0,0.0,0.0,0.0,0.0,-3837.0324535571417,-0.0,-1403.0
t165,0.0,436.8049950328932,-0.0,0.0,0.0,0.0,0.0,9590.195004967107,-0.0,-10027.0,8454.195004967107,0.0,-0.0,0.0,0.0,0.0,0.0,-5590.195004967107,-0.0,-2864.0,5367.0,0.0,-0.0,0.0,0.0,0.0,0.0,-4000.0,-0.0,-1367.0
t166,0.0,348.4736864655333,-0.0,0.0,0.0,0.0,0.0,8896.526313534467,-0.0,-9245.0,7536.526313534467,0.0,-0.0,0.0,0.0,0.0,0.0,-4896.526313534467,-0.0,-2640.0,5261.0,0.0,-0.0,0.0,0.0,0.0,0.0,-4000.0,-0.0,-1261.0
t167,0.0,0.0,-0.0,0.0,0.0,0.0,0.0,8259.0,-0.0,-8259.0,4815.91101384219,1802.0889861578098,-0.0,0.0,0.0,0.0,0.0,-4259.0,-0.0,-2359.0,5126.0,0.0,-0.0,0.0,0.0,0.0,0.0,-4000.0,-0.0,-1126.0
t168,0.0,264.00452643451626,-0.0,0.0,0.0,0.0,0.0,7120.995473565484,-0.0,-7385.0,4517.430059723293,712.5654138421904,-0.0,0.0,0.0,0.0,0.0,-3120.9954735654837,-0.0,-2109.0,5007.0,0.0,-0.0,0.0,0.0,0.0,0.0,-4000.0,-0.0,-1007.0
t169,0.0,5183.474868238675,-0.0,0.0,0.0,0.0,0.0,1600.525131761325,-0.0,-6784.0,2421.1411138551402,0.0,-0.0,0.0,0.0,0.0,0.0,-483.14111385514025,-0.0,-1938.0,2041.3840179061847,0.0,-0.0,0.0,0.0,0.0,0.0,-1117.3840179061847,-0.0,-924.0
t170,0.0,0.0,-0.0,0.0,0.0,0.0,0.0,6472.0,-0.0,-6472.0,1851.6858440569729,2648.8340321264304,-0.0,0.0,0.0,0.0,0.0,-2652.519876183403,-0.0,-1848.0,2085.4396842392766,2616.0404395773203,-0.0,0.0,0.0,0.0,0.0,-3819.480123816597,-0.0,-882.0
t171,0.0,5365.291800687448,-0.0,0.0,0.0,0.0,0.0,940.7081993125516,-0.0,-6306.0,1638.6388644863491,0.0,-0.0,0.0,0.0,0.0,0.0,162.36113551365088,-0.0,-1801.0,1962.0693348262025,0.0,-0.0,0.0,0.0,0.0,0.0,-1103.0693348262025,-0.0,-859.0
t172,0.0,0.0,-0.0,0.0,0.0,0.0,0.0,6263.0,-0.0,-6263.0,755.799088977455,6252.777099121839,-0.0,0.0,0.0,0.0,0.0,-5220.576188099294,-0.0,-1788.0,1895.4238119007061,0.0,-0.0,0.0,0.0,0.0,0.0,-1042.4238119007061,-0.0,-853.0
t173,0.0,0.0,-0.0,0.0,0.0,0.0,0.0,6421.0,-0.0,-6421.0,1255.3610409351184,4315.278788504038,-0.0,0.0,0.0,0.0,0.0,-3737.6398294391565,-0.0,-1833.0,1968.1786003831758,1590.1815701776677,-0.0,0.0,0.0,0.0,0.0,-2683.3601705608435,-0.0,-875.0
t174,0.0,7376.235462845958,-0.0,0.0,0.0,0.0,0.0,-333.2354628459575,-0.0,-7043.0,1129.9560468256154,0.0,-0.0,0.0,0.0,0.0,0.0,882.0439531743846,-0.0,-2012.0,1508.808490328427,0.0,-0.0,0.0,0.0,0.0,0.0,-548.8084903284271,-0.0,-960.0
t175,26.819266688851823,2021.140799918232,-0.0,0.0,0.0,0.0,0.0,6192.039933392916,-0.0,-8240.0,567.8062831142098,7686.19371688579,-0.0,0.0,0.0,0.0,0.0,-5900.0,-0.0,-2354.0,1415.0399333929163,0.0,-0.0,0.0,0.0,0.0,0.0,-292.0399333929163,-0.0,-1123.0
t176,4915.588451685269,0.0,-0.0,0.0,0.0,0.0,0.0,4046.4115483147307,-0.0,-8962.0,6840.146288023855,0.0,-0.0,0.0,0.0,0.0,0.0,-4281.146288023855,-0.0,-2559.0,987.2652602908756,0.0,-0.0,0.0,0.0,0.0,0.0,234.73473970912437,-0.0,-1222.0
t177,8524.695483242187,0.0,-3866.695483242187,0.0,0.0,0.0,0.0,4633.0,-0.0,-9291.0,15351.01796249032,0.0,-6797.017962490319,0.0,0.0,0.0,0.0,-5900.0,-0.0,-2654.0,0.0,0.0,-0.0,0.0,0.0,0.0,0.0,1267.0,-0.0,-1267.0
t178,11854.115876472506,0.0,-0.0,0.0,0.0,0.0,0.0,-2335.115876472506,-0.0,-9519.0,1681.884123527494,0.0,-0.0,0.0,0.0,0.0,0.0,1037.115876472506,-0.0,-2719.0,0.0,0.0,-0.0,0.0,0.0,0.0,0.0,1298.0,-0.0,-1298.0
t179,7481.50352279861,0.0,-0.0,0.0,0.0,0.0,0.0,2223.49647720139,-0.0,-9705.0,23777.31601017464,0.0,-15105.31601017464,0.0,0.0,0.0,0.0,-5900.0,-0.0,-2772.0,0.0,0.0,-2353.50352279861,0.0,0.0,0.0,0.0,3676.50352279861,-0.0,-1323.0
t180,15629.895482071175,0.0,-10434.895482071175,0.0,0.0,0.0,0.0,4569.0,-0.0,-9764.0,8689.0,0.0,-0.0,0.0,0.0,0.0,0.0,-5900.0,-0.0,-2789.0,0.0,0.0,-0.0,0.0,0.0,0.0,0.0,1331.0,-0.0,-1331.0
t181,17376.255146390315,0.0,-12163.255146390313,0.0,0.0,0.0,0.0,4567.0,-0.0,-9780.0,23798.31601017464,0.0,-15105.31601017464,0.0,0.0,0.0,0.0,-5900.0,-0.0,-2793.0,0.0,0.0,-0.0,0.0,0.0,0.0,0.0,1333.0,-0.0,-1333.0
t182,22279.147970810478,0.0,-8348.147970810478,0.0,0.0,0.0,0.0,-4134.0,-0.0,-9797.0,0.0,0.0,-0.0,0.0,0.0,0.0,0.0,2798.0,-0.0,-2798.0,0.0,0.0,-0.0,0.0,0.0,0.0,0.0,1336.0,-0.0,-1336.0
t183,21846.208379976157,0.0,-5363.167940398836,0.0,0.0,0.0,0.0,-6730.04043957732,-0.0,-9753.0,0.0,0.0,-0.0,0.0,0.0,0.0,0.0,2785.0,-0.0,-2785.0,0.0,0.0,-2616.0404395773203,0.0,0.0,0.0,0.0,3945.0404395773203,-0.0,-1329.0
t184,17693.053367016815,0.0,-3910.053367016815,0.0,0.0,0.0,0.0,-4090.0,-0.0,-9693.0,0.0,0.0,-0.0,0.0,0.0,0.0,0.0,2768.0,-0.0,-2768.0,0.0,0.0,-0.0,0.0,0.0,0.0,0.0,1322.0,-0.0,-1322.0
t185,10995.899342429246,0.0,-5913.899342429246,0.0,0.0,0.0,0.0,4582.0,-0.0,-9664.0,16525.439631195564,0.0,-7865.439631195564,0.0,0.0,0.0,0.0,-5900.0,-0.0,-2760.0,0.0,0.0,-0.0,0.0,0.0,0.0,0.0,1318.0,-0.0,-1318.0
t186,2678.095345072489,2093.5296475478967,-0.0,0.0,0.0,0.0,0.0,4822.3750073796145,-0.0,-9594.0,6452.037142308953,0.0,-0.0,0.0,0.0,0.0,0.0,-3712.037142308953,-0.0,-2740.0,2418.337865070661,0.0,-0.0,0.0,0.0,0.0,0.0,-1110.3378650706609,-0.0,-1308.0
t187,0.0,2198.744498377503,-0.0,0.0,0.0,0.0,0.0,7415.255501622497,-0.0,-9614.0,1521.1020581085133,7123.897941891487,-0.0,0.0,0.0,0.0,0.0,-5900.0,-0.0,-2745.0,2826.255501622497,0.0,-0.0,0.0,0.0,0.0,0.0,-1515.255501622497,-0.0,-1311.0
t188,0.0,7820.472444976203,-0.0,0.0,0.0,0.0,0.0,2079.5275550237966,-0.0,-9900.0,2803.0119365750693,0.0,-0.0,0.0,0.0,0.0,0.0,24.988063424930715,-0.0,-2828.0,3454.5156184487273,0.0,-0.0,0.0,0.0,0.0,0.0,-2104.5156184487273,-0.0,-1350.0
t189,0.0,6724.173555978695,-0.0,0.0,0.0,0.0,0.0,2859.826444021305,-0.0,-9584.0,2609.843409984647,0.0,-0.0,0.0,0.0,0.0,0.0,127.15659001535278,-0.0,-2737.0,4293.983034036658,0.0,-0.0,0.0,0.0,0.0,0.0,-2986.983034036658,-0.0,-1307.0
t190,0.0,106.06355189393526,-0.0,0.0,0.0,0.0,0.0,8868.936448106066,-0.0,-8975.0,2456.9186782274014,6006.081321772599,-0.0,0.0,0.0,0.0,0.0,-5900.0,-0.0,-2563.0,4191.936448106065,0.0,-0.0,0.0,0.0,0.0,0.0,-2968.9364481060647,-0.0,-1223.0
t191,0.0,3430.970479004153,-0.0,0.0,0.0,0.0,0.0,4762.029520995848,-0.0,-8193.0,4679.864326974945,0.0,-0.0,0.0,0.0,0.0,0.0,-2340.8643269749446,-0.0,-2339.0,3538.1651940209026,0.0,-0.0,0.0,0.0,0.0,0.0,-2421.1651940209026,-0.0,-1117.0
t192,0.0,0.0,-0.0,0.0,0.0,0.0,0.0,7395.0,-0.0,-7395.0,3322.9202260425855,3947.520149017181,-0.0,0.0,0.0,0.0,0.0,-5158.440375059767,-0.0,-2112.0,3244.559624940234,0.0,-0.0,0.0,0.0,0.0,0.0,-2236.559624940234,-0.0,-1008.0
t193,0.0,10309.246429982433,-0.0,0.0,0.0,202.716,0.0,-3003.9624299824345,-0.0,-7508.0,73.26789766637853,0.0,-0.0,0.0,0.0,57.888000000000005,0.0,2012.8441023336215,-0.0,-2144.0,5.233672351187246,0.0,-0.0,0.0,0.0,27.648,0.0,991.1183276488127,-0.0,-1024.0
t194,0.0,2082.236255581895,-0.0,0.0,0.0,195.07500000000002,0.0,4947.688744418105,-0.0,-7225.0,98.82520208017193,7808.473797919828,-0.0,0.0,0.0,55.701,0.0,-5900.0,-0.0,-2063.0,6.093744418104961,0.0,-0.0,0.0,0.0,26.595,0.0,952.311255581895,-0.0,-985.0
t195,0.0,0.0,-0.0,0.0,0.0,191.376,0.0,6896.624,-0.0,-7088.0,102.47973126756418,7086.134711322848,-0.0,0.0,0.0,54.648,0.0,-5219.262442590412,-0.0,-2024.0,1.2391178322667662,2616.0404395773203,-0.0,0.0,0.0,26.082,0.0,-1677.3615574095875,-0.0,-966.0
t196,0.0,0.0,-0.0,0.0,0.0,190.08,0.0,6849.92,-0.0,-7040.0,96.22052796142606,7759.509472038574,-0.0,0.0,0.0,54.27,0.0,-5900.0,-0.0,-2010.0,1.1771962283836481,1881.8498037716165,-0.0,0.0,0.0,25.893,0.0,-949.9200000000001,-0.0,-959.0
t197,0.0,9751.451783832268,-0.0,0.0,0.0,191.727,0.0,-2842.178783832267,-0.0,-7101.0,67.54670111914159,0.0,-0.0,0.0,0.0,54.75600000000001,0.0,1905.6972988808584,-0.0,-2028.0,5.38251504859138,0.0,-0.0,0.0,0.0,26.136,0.0,936.4814849514087,-0.0,-968.0
t198,0.0,10056.106953762293,-0.0,0.0,0.0,198.018,0.0,-2920.124953762293,-0.0,-7334.0,81.80626326673877,0.0,-0.0,0.0,0.0,56.538,0.0,1955.655736733261,-0.0,-2094.0,7.557782970967843,0.0,-0.0,0.0,0.0,26.973,0.0,964.4692170290322,-0.0,-999.0
t199,0.0,0.0,-0.0,0.0,0.0,208.03500000000003,0.0,7496.965,-0.0,-7705.0,62.03467224747037,7978.565327752529,-0.0,0.0,0.0,59.400000000000006,0.0,-5900.0,-0.0,-2200.0,2.5745604226793426,2616.0404395773203,-0.0,0.0,0.0,28.349999999999998,0.0,-1596.965,-0.0,-1050.0
t200,2804.529030891362,308.93727279846263,-0.0,0.0,0.0,220.239,0.0,4823.294696310176,-0.0,-8157.0,3085.592060446645,5080.524939553356,-0.0,0.0,0.0,62.883,0.0,-5900.0,-0.0,-2329.0,5.270696310175693,0.0,-0.0,0.0,0.0,30.023999999999997,0.0,1076.7053036898242,-0.0,-1112.0
t201,12447.97106743994,0.0,-8510.546516714749,0.0,0.0,0.0,0.0,4733.57544927481,-0.0,-8671.0,16287.280414848,0.0,-7911.280414848001,0.0,0.0,0.0,0.0,-5900.0,-0.0,-2476.0,15.575449274810161,0.0,-0.0,0.0,0.0,0.0,0.0,1166.4245507251899,-0.0,-1182.0
t202,19367.341873163707,0.0,-12163.255146390313,0.0,0.0,0.0,0.0,1734.913273226608,-0.0,-8939.0,23228.26972297857,0.0,-15105.31601017464,0.0,0.0,0.0,0.0,-5569.953712803928,-0.0,-2553.0,0.0,0.0,-2616.0404395773203,0.0,0.0,0.0,0.0,3835.0404395773203,-0.0,-1219.0
t203,23980.255743646223,0.0,-12163.255146390313,0.0,0.0,0.0,0.0,-2812.0005972559084,-0.0,-9005.0,18708.355852496054,0.0,-15105.31601017464,0.0,0.0,0.0,0.0,-1031.039842321412,-0.0,-2572.0,0.0,0.0,-2616.0404395773203,0.0,0.0,0.0,0.0,3843.0404395773203,-0.0,-1227.0
t204,24758.014477622924,0.0,-12163.255146390313,0.0,0.0,0.0,0.0,-3598.75933123261,-0.0,-8996.0,17917.59711851935,0.0,-15105.31601017464,0.0,0.0,0.0,0.0,-243.28110834471045,-0.0,-2569.0,0.0,0.0,-2616.0404395773203,0.0,0.0,0.0,0.0,3842.0404395773203,-0.0,-1226.0
t205,24895.94213487988,0.0,-12163.255146390313,0.0,0.0,0.0,0.0,-3810.686988489564,-0.0,-8922.0,17674.669461262398,0.0,-15105.31601017464,0.0,0.0,0.0,0.0,-21.353451087756184,-0.0,-2548.0,0.0,0.0,-2616.0404395773203,0.0,0.0,0.0,0.0,3832.0404395773203,-0.0,-1216.0
t206,23880.6413245162,0.0,-12163.255146390313,0.0,0.0,0.0,0.0,-2892.3861781258856,-0.0,-8825.0,18551.970271626073,0.0,-15105.31601017464,0.0,0.0,0.0,0.0,-926.6542614514346,-0.0,-2520.0,0.0,0.0,-2616.0404395773203,0.0,0.0,0.0,0.0,3819.0404395773203,-0.0,-1203.0
t207,18999.53478714517,0.0,-12163.255146390313,0.0,0.0,0.0,0.0,1944.7203592451442,-0.0,-8781.0,23371.076808997102,0.0,-15105.31601017464,0.0,0.0,0.0,0.0,-5757.7607988224645,-0.0,-2508.0,0.0,0.0,-2616.0404395773203,0.0,0.0,0.0,0.0,3813.0404395773203,-0.0,-1197.0
t208,11306.236571257388,0.0,-0.0,0.0,0.0,0.0,0.0,-2320.2365712573874,-0.0,-8986.0,14758.069405382075,0.0,-10672.294196127354,0.0,0.0,0.0,0.0,-1519.7752092547234,-0.0,-2566.0,1.0286590652091996,0.0,-2616.0404395773203,0.0,0.0,0.0,0.0,3840.011780512111,-0.0,-1225.0
t209,1252.8428867506493,3746.5612095737847,-0.0,0.0,0.0,266.166,0.0,4592.429903675566,-0.0,-9858.0,2742.1230547498594,5896.871945250142,-0.0,0.0,0.0,76.005,0.0,-5900.0,-0.0,-2815.0,0.14190367556547862,0.0,-0.0,0.0,0.0,36.288,0.0,1307.5700963244344,-0.0,-1344.0
t210,0.0,5853.810193438486,-0.0,0.0,0.0,287.03700000000003,0.0,4490.152806561514,-0.0,-10631.0,0.5265661843084983,8853.501433815693,-0.0,0.0,0.0,81.97200000000001,0.0,-5900.0,-0.0,-3036.0,0.029806561518299097,0.0,-0.0,0.0,0.0,39.123000000000005,0.0,1409.847193438486,-0.0,-1449.0
t211,0.0,3419.2680496463645,-0.0,0.0,0.0,285.768,0.0,6878.963950353636,-0.0,-10584.0,12.155415665222268,8595.00193701015,-0.0,0.0,0.0,81.59400000000001,0.0,-5666.751352675355,-0.0,-3022.0,0.21115810096107102,2616.0404395773203,-0.0,0.0,0.0,38.961,0.0,-1212.2125976782813,-0.0,-1443.0
t212,0.0,4947.141571902034,-0.0,0.0,0.0,278.20799999999997,0.0,5078.650428097965,-0.0,-10304.0,22.872935951858814,8740.666064048142,-0.0,0.0,0.0,79.46100000000001,0.0,-5900.0,-0.0,-2943.0,8.25103334847682,537.4643947494887,-0.0,0.0,0.0,37.935,0.0,821.3495719020348,-0.0,-1405.0
t213,0.0,5074.19450930969,-0.0,0.0,0.0,268.299,0.0,4594.50649069031,-0.0,-9937.0,44.931342959792985,8616.442657040208,-0.0,0.0,0.0,76.62599999999999,0.0,-5900.0,-0.0,-2838.0,12.921490690309838,0.0,-0.0,0.0,0.0,36.585,0.0,1305.4935093096901,-0.0,-1355.0
t214,0.0,4360.86351223088,-0.0,0.0,0.0,250.803,0.0,4677.3334877691195,-0.0,-9289.0,148.7118725544268,8332.657127445573,-0.0,0.0,0.0,71.631,0.0,-5900.0,-0.0,-2653.0,10.124487769119696,0.0,-0.0,0.0,0.0,34.209,0.0,1222.6665122308805,-0.0,-1267.0
t215,0.0,8912.06196516501,-0.0,0.0,0.0,230.283,0.0,-613.3449651650096,-0.0,-8529.0,261.2201717074807,0.0,-0.0,0.0,0.0,65.77199999999999,0.0,2109.007828292519,-0.0,-2436.0,11.221423550189265,2616.0404395773203,-0.0,0.0,0.0,31.401,0.0,-1495.6628631275096,-0.0,-1163.0
t216,0.0,151.3217999523401,-0.0,0.0,0.0,211.977,0.0,7487.70120004766,-0.0,-7851.0,389.84103639671923,7691.624963603281,-0.0,0.0,0.0,60.534,0.0,-5900.0,-0.0,-2242.0,12.770760470330993,2616.0404395773203,-0.0,0.0,0.0,28.89,0.0,-1587.7012000476598,-0.0,-1070.0
t217,2251.8225461298666,0.0,-0.0,0.0,0.0,529.233,0.0,5117.944453870133,-0.0,-7899.0,3434.341772663516,2727.474296986285,-0.0,0.0,0.0,151.152,0.0,-4056.968069649802,-0.0,-2256.0,2065.8173842203305,0.0,-0.0,0.0,0.0,72.15899999999999,0.0,-1060.9763842203306,-0.0,-1077.0
t218,2251.8225461298666,0.0,-0.0,0.0,0.0,510.07099999999997,0.0,4851.106453870133,-0.0,-7613.0,3434.158923305398,2432.4488504795795,-0.0,0.0,0.0,145.65800000000002,0.0,-3838.2657737849772,-0.0,-2174.0,1981.2946800851557,0.0,-0.0,0.0,0.0,69.546,0.0,-1012.8406800851558,-0.0,-1038.0
t219,2251.8225461298666,2372.9932355348506,-0.0,0.0,0.0,500.959,0.0,2351.2252183352816,-0.0,-7477.0,3434.158923305398,0.0,-0.0,0.0,0.0,143.04500000000002,0.0,-1442.203923305398,-0.0,-2135.0,1860.6812950298838,0.0,-0.0,0.0,0.0,68.34,0.0,-909.0212950298836,-0.0,-1020.0
t220,2251.8225461298666,0.0,-0.0,0.0,0.0,500.49000000000007,0.0,4717.687453870133,-0.0,-7470.0,3434.158923305398,2370.601727780843,-0.0,0.0,0.0,142.97799999999998,0.0,-3813.7386510862407,-0.0,-2134.0,1853.742802783892,0.0,-0.0,0.0,0.0,68.206,0.0,-903.9488027838921,-0.0,-1018.0
t221,2251.8225461298666,0.0,-0.0,0.0,0.0,515.833,0.0,4931.344453870133,-0.0,-7699.0,3434.158923305398,48.1599912773122,-0.0,0.0,0.0,147.33300000000003,0.0,-1430.65191458271,-0.0,-2199.0,1864.3020997101032,2616.0404395773203,-0.0,0.0,0.0,70.35000000000001,0.0,-3500.692539287423,-0.0,-1050.0
t222,2251.8225461298666,3636.5182840051807,-0.0,0.0,0.0,564.676,0.0,1974.9831698649527,-0.0,-8428.0,3434.158923305398,0.0,-0.0,0.0,0.0,161.269,0.0,-1188.427923305398,-0.0,-2407.0,1858.5722465595547,0.0,-0.0,0.0,0.0,76.983,0.0,-786.5552465595546,-0.0,-1149.0
t223,2251.8225461298666,0.0,-0.0,0.0,0.0,653.987,0.0,6855.190453870135,-0.0,-9761.0,3442.149929851819,2777.7278088267526,-0.0,0.0,0.0,186.72899999999998,0.0,-3619.606738678571,-0.0,-2787.0,1861.3662756142426,2616.0404395773203,-0.0,0.0,0.0,89.17699999999999,0.0,-3235.583715191563,-0.0,-1331.0
t224,2251.8225461298666,1104.7590130534013,-0.0,0.0,0.0,701.557,0.0,6412.861440816731,-0.0,-10471.0,3437.4384214650513,5253.164578534949,-0.0,0.0,0.0,200.39700000000002,0.0,-5900.0,-0.0,-2991.0,1845.1854408167317,0.0,-0.0,0.0,0.0,95.676,0.0,-512.8614408167316,-0.0,-1428.0
t225,6194.254749391084,0.0,-0.0,0.0,0.0,287.361,0.0,4161.384250608915,-0.0,-10643.0,6688.35998421681,0.0,-0.0,0.0,0.0,82.08000000000001,0.0,-3730.43998421681,-0.0,-3040.0,1842.767266392105,0.0,-0.0,0.0,0.0,39.177,0.0,-430.9442663921051,-0.0,-1451.0
t226,10352.475844994973,0.0,-2660.763433696063,0.0,0.0,289.413,0.0,2737.8745887010878,-0.0,-10719.0,13553.596964925042,0.0,-4675.243964925043,0.0,0.0,82.64699999999999,0.0,-5900.0,-0.0,-3061.0,875.4680282784083,0.0,-2616.0404395773203,0.0,0.0,39.447,0.0,3162.1254112989122,-0.0,-1461.0
t227,13900.281695548798,0.0,-8730.860335940053,0.0,0.0,291.654,0.0,5340.924640391246,-0.0,-10802.0,17543.73275803505,0.0,-8642.02775803505,0.0,0.0,83.295,0.0,-5900.0,-0.0,-3085.0,874.1536403912459,0.0,-0.0,0.0,0.0,39.771,0.0,559.075359608754,-0.0,-1473.0
t228,15202.93179186446,0.0,-7378.611555086565,0.0,0.0,292.545,0.0,2718.1347632221036,-0.0,-10835.0,18285.68092711396,0.0,-9374.245927113961,0.0,0.0,83.565,0.0,-5900.0,-0.0,-3095.0,871.2962027994238,0.0,-2616.0404395773203,0.0,0.0,39.879,0.0,3181.8652367778964,-0.0,-1477.0
t229,13352.402390333686,0.0,-1957.6114483849701,0.0,0.0,292.14,0.0,-866.9309419487139,-0.0,-10820.0,17809.032802158275,0.0,-15105.31601017464,0.0,0.0,83.42999999999999,0.0,302.8532080163641,-0.0,-3090.0,871.0972660676501,0.0,-0.0,0.0,0.0,39.824999999999996,0.0,564.0777339323498,-0.0,-1475.0
t230,11773.89697950412,0.0,-6591.587332932046,0.0,0.0,291.897,0.0,5336.7933534279255,-0.0,-10811.0,17764.8077183995,0.0,-8861.156718399501,0.0,0.0,83.349,0.0,-5900.0,-0.0,-3087.0,870.9953534279258,0.0,-0.0,0.0,0.0,39.797999999999995,0.0,563.2066465720742,-0.0,-1474.0
t231,12114.88479883381,0.0,-4840.814198773601,0.0,0.0,290.25,0.0,3185.679399939791,-0.0,-10750.0,16556.603256070815,0.0,-7669.493256070817,0.0,0.0,82.89000000000001,0.0,-5900.0,-0.0,-3070.0,870.9852368500984,0.0,-2159.8608369103076,0.0,0.0,39.55500000000001,0.0,2714.320600060209,-0.0,-1465.0
t232,7632.2359379828595,0.0,-0.0,0.0,0.0,293.976,0.0,2961.7880620171386,-0.0,-10888.0,10693.8553392033,0.0,-4137.0195959645835,0.0,0.0,83.97,0.0,-3530.805743238717,-0.0,-3110.0,874.9143187784218,0.0,-0.0,0.0,0.0,40.068,0.0,569.0176812215781,-0.0,-1484.0
t233,2251.8225461298666,2345.8458085873212,-0.0,0.0,0.0,779.5450000000001,0.0,6257.786645282813,-0.0,-11635.0,3436.741575567024,5563.617424432976,-0.0,0.0,0.0,222.64100000000002,0.0,-5900.0,-0.0,-3323.0,1837.5246452828126,0.0,-0.0,0.0,0.0,106.262,0.0,-357.78664528281274,-0.0,-1586.0
t234,2251.8225461298666,2870.1627420976024,-0.0,0.0,0.0,812.643,0.0,6194.37171177253,-0.0,-12129.0,3436.700299572581,5695.21170042742,-0.0,0.0,0.0,232.088,0.0,-5900.0,-0.0,-3464.0,1837.5537117725303,0.0,-0.0,0.0,0.0,110.818,0.0,-294.37171177253015,-0.0,-1654.0
t235,2251.8225461298666,6888.830225764041,-0.0,0.0,0.0,806.412,0.0,2088.9352281060937,-0.0,-12036.0,3443.677481366496,1544.7955597633916,-0.0,0.0,0.0,230.279,0.0,-1781.7520411298879,-0.0,-3437.0,1838.2361869762055,0.0,-0.0,0.0,0.0,109.947,0.0,-307.18318697620566,-0.0,-1641.0
t236,2251.8225461298666,2426.2488594073197,-0.0,0.0,0.0,784.8380000000001,0.0,6251.090594462813,-0.0,-11714.0,3450.1261585730717,5571.6918414269285,-0.0,0.0,0.0,224.18200000000002,0.0,-5900.0,-0.0,-3346.0,1841.0915944628127,0.0,-0.0,0.0,0.0,106.999,0.0,-351.09059446281276,-0.0,-1597.0
t237,2251.8225461298666,1881.2598015177005,-0.0,0.0,0.0,750.869,0.0,6323.048652352433,-0.0,-11207.0,3461.4976800556756,5425.035319944323,-0.0,0.0,0.0,214.46699999999998,0.0,-5900.0,-0.0,-3201.0,1848.672652352433,0.0,-0.0,0.0,0.0,102.376,0.0,-423.04865235243324,-0.0,-1528.0
t238,2251.8225461298666,0.0,-0.0,0.0,0.0,696.532,0.0,7447.645453870133,-0.0,-10396.0,3482.3162784896526,5187.760721510348,-0.0,0.0,0.0,198.92300000000003,0.0,-5900.0,-0.0,-2969.0,1846.1808645474005,1024.4585893227318,-0.0,0.0,0.0,95.00600000000001,0.0,-1547.6454538701332,-0.0,-1418.0
t239,2251.8225461298666,0.0,-0.0,0.0,0.0,628.661,0.0,6502.516453870134,-0.0,-9383.0,3462.2888982043823,4886.665713059545,-0.0,0.0,0.0,179.56,0.0,-5848.514611263927,-0.0,-2680.0,1847.3088426062066,0.0,-0.0,0.0,0.0,85.69300000000001,0.0,-654.0018426062065,-0.0,-1279.0
t240,2251.8225461298666,3693.816195226567,-0.0,0.0,0.0,567.892,0.0,1962.469258643565,-0.0,-8476.0,3445.2663923297005,0.0,-0.0,0.0,0.0,162.14,0.0,-1187.4063923297008,-0.0,-2420.0,1853.6108663138639,0.0,-0.0,0.0,0.0,77.45200000000001,0.0,-775.062866313864,-0.0,-1156.0
